ID, minuta_html, id_processo
1,logo,61
2,logo,81
3,logo,82
4,logo,101
5,logo,121
6,logo,122
7,logo,141
8,logo,161
9,logo,162
10,logo,261
11,logo,281
12,logo,282
13,logo,283
14,logo,301
15,logo,321
16,logo,361
17,logo,381
18,logo,382
19,logo,383
20,logo,401
21,logo,402
22,logo,421
23,logo,501
24,logo,921
25,logo,922
26,logo,923
27,logo,924
28,logo,925
29,logo,926
30,logo,927
31,logo,928
32,logo,929
33,logo,930
34,logo,931
35,logo,932
36,logo,933
37,logo,934
38,logo,1001
39,logo,1002
40,logo,1003
41,logo,1004
42,logo,1005
43,logo,1021
44,logo,1022
45,logo,1023
46,logo,1024
47,logo,1025
48,logo,9978
49,logo,11054
50,logo,11510
51,logo,12369
52,logo,13239
53,logo,14075
54,logo,14110
55,logo,14426
56,logo,14721
57,logo,15594
58,logo,16468
59,logo,16572
60,logo,17131
61,logo,17242
62,logo,17893
63,logo,18022
64,logo,18338
65,logo,18894
66,logo,19302
67,logo,21198
68,logo,21725
69,logo,22505
70,logo,22756
71,logo,25648
72,logo,34106
73,logo,34547
74,logo,35207
75,logo,42496
76,logo,43557
77,logo,44831
78,logo,44870
79,logo,45121
80,logo,45147
81,logo,45619
82,logo,45703
83,logo,59720
84,logo,63358
85,logo,63695
86,logo,63745
87,logo,64848
88,logo,64868
89,logo,64874
90,logo,64876
91,logo,64887
92,logo,64888
93,logo,64889
94,logo,64893
95,logo,64899
96,logo,64903
97,logo,64908
98,logo,64914
99,logo,64923
100,logo,64937
101,logo,64981
102,logo,64996
103,logo,65267
104,logo,65297
105,logo,65298
106,logo,65307
107,logo,65308
108,logo,65384
109,logo,65387
110,logo,65389
111,logo,65416
112,logo,65425
113,logo,65439
114,logo,65463
115,logo,65467
116,logo,65552
117,logo,65699
118,logo,65716
119,logo,66041
120,logo,66055
121,logo,66187
122,logo,66342
123,logo,66416
124,logo,66573
125,logo,66580
126,logo,66581
127,logo,66714
128,logo,66760
129,logo,67026
130,logo,67074
131,logo,67368
132,logo,67479
133,logo,67486
134,logo,67623
135,logo,67674
136,logo,67812
137,logo,68155
138,logo,68549
139,logo,69071
140,logo,69094
141,logo,69127
142,logo,69314
143,logo,69380
144,logo,69385
145,logo,69510
146,logo,69671
147,logo,69778
148,logo,69991
149,logo,70044
150,logo,70107
151,logo,70137
152,logo,70328
153,logo,70531
154,logo,70693
155,logo,70911
156,logo,71043
157,logo,71118
158,logo,71126
159,logo,71192
160,logo,71230
161,logo,71366
162,logo,71529
163,logo,71576
164,logo,71629
165,logo,71632
166,logo,71655
167,logo,71688
168,logo,71813
169,logo,71824
170,logo,71825
171,logo,71829
172,logo,71830
173,logo,71832
174,logo,71838
175,logo,71840
176,logo,71844
177,logo,71849
178,logo,71850
179,logo,71851
180,logo,71852
181,logo,71853
182,logo,71854
183,logo,71866
184,logo,71872
185,logo,71873
186,logo,71875
187,logo,71885
188,logo,71886
189,logo,71898
190,logo,71899
191,logo,71901
192,logo,71902
193,logo,71903
194,logo,71904
195,logo,71909
196,logo,71915
197,logo,71920
198,logo,71921
199,logo,71929
200,logo,71933
201,logo,71936
202,logo,71946
203,logo,71947
204,logo,71948
205,logo,71969
206,logo,71970
207,logo,71971
208,logo,71972
209,logo,71973
210,logo,71974
211,logo,71975
212,logo,71992
213,logo,71994
214,logo,71997
215,logo,71999
216,logo,72000
217,logo,72001
218,logo,72002
219,logo,72030
220,logo,72031
221,logo,72033
222,logo,72036
223,logo,72037
224,logo,72043
225,logo,72044
226,logo,72051
227,logo,72054
228,logo,72055
229,logo,72090
230,logo,72091
231,logo,72092
232,logo,72093
233,logo,72094
234,logo,72149
235,logo,72218
236,logo,72239
237,logo,72262
238,logo,72269
239,logo,72271
240,logo,72274
241,logo,72275
242,logo,72277
243,logo,72301
244,logo,72303
245,logo,72306
246,logo,72307
247,logo,72316
248,logo,72320
249,logo,72347
250,logo,72348
251,logo,72394
252,logo,72425
253,logo,72429
254,logo,72447
255,logo,72449
256,logo,72452
257,logo,72453
258,logo,72454
259,logo,72460
260,logo,72462
261,logo,72488
262,logo,72533
263,logo,72668
264,logo,72690
265,logo,72705
266,logo,72732
267,logo,72734
268,logo,72738
269,logo,72742
270,logo,72746
271,logo,72751
272,logo,72763
273,logo,72765
274,logo,72767
275,logo,72795
276,logo,72796
277,logo,72803
278,logo,72858
279,logo,72859
280,logo,72866
281,logo,72891
282,logo,72897
283,logo,72901
284,logo,72916
285,logo,72944
286,logo,73184
287,logo,73185
288,logo,73187
289,logo,73189
290,logo,73190
291,logo,73191
292,logo,73192
293,logo,73194
294,logo,73680
295,logo,73706
296,logo,73713
297,logo,73716
298,logo,73720
299,logo,73725
300,logo,73737
301,logo,73738
302,logo,73739
303,logo,73740
304,logo,73741
305,logo,73744
306,logo,73749
307,logo,73756
308,logo,73757
309,logo,73758
310,logo,73763
311,logo,73767
312,logo,73770
313,logo,73771
314,logo,73772
315,logo,73777
316,logo,73778
317,logo,73782
318,logo,73783
319,logo,73790
320,logo,73791
321,logo,73794
322,logo,73795
323,logo,73797
324,logo,73798
325,logo,73799
326,logo,73801
327,logo,73802
328,logo,73803
329,logo,73804
330,logo,73805
331,logo,73806
332,logo,73807
333,logo,73808
334,logo,73809
335,logo,73810
336,logo,73814
337,logo,73819
338,logo,73822
339,logo,74070
340,logo,74087
341,logo,74093
342,logo,74111
343,logo,74115
344,logo,74176
345,logo,74193
346,logo,74311
347,logo,74317
348,logo,74318
349,logo,74319
350,logo,74320
351,logo,74321
352,logo,74322
353,logo,74393
354,logo,74431
355,logo,74443
356,logo,74455
357,logo,74456
358,logo,74457
359,logo,74523
360,logo,74524
361,logo,74525
362,logo,74526
363,logo,74527
364,logo,74528
365,logo,74529
366,logo,74530
367,logo,74531
368,logo,74532
369,logo,74533
370,logo,74534
371,logo,74535
372,logo,74536
373,logo,74537
374,logo,74538
375,logo,74539
376,logo,74540
377,logo,74541
378,logo,74542
379,logo,74543
380,logo,74544
381,logo,74545
382,logo,74546
383,logo,74547
384,logo,74548
385,logo,74549
386,logo,74550
387,logo,74551
388,logo,74552
389,logo,74553
390,logo,74554
391,logo,74555
392,logo,74556
393,logo,74557
394,logo,74558
395,logo,74559
396,logo,74560
397,logo,74561
398,logo,74562
399,logo,74563
400,logo,74564
401,logo,74565
402,logo,74566
403,logo,74567
404,logo,74573
405,logo,74578
406,logo,74581
407,logo,74591
408,logo,74592
409,logo,74595
410,logo,74596
411,logo,74604
412,logo,74606
413,logo,74607
414,logo,74608
415,logo,74609
416,logo,74612
417,logo,74613
418,logo,74614
419,logo,74616
420,logo,74617
421,logo,74618
422,logo,74619
423,logo,74620
424,logo,74622
425,logo,74623
426,logo,74628
427,logo,74629
428,logo,74631
429,logo,74632
430,logo,74635
431,logo,74638
432,logo,74639
433,logo,74641
434,logo,74659
435,logo,74768
436,logo,74773
437,logo,74774
438,logo,74776
439,logo,74780
440,logo,74784
441,logo,74788
442,logo,74789
443,logo,74793
444,logo,74794
445,logo,74849
446,logo,74854
447,logo,74859
448,logo,74875
449,logo,74876
450,logo,74889
451,logo,74892
452,logo,74930
453,logo,75080
454,logo,75081
455,logo,75086
456,logo,75096
457,logo,75100
458,logo,75104
459,logo,75290
460,logo,75291
461,logo,75307
462,logo,75308
463,logo,75309
464,logo,75312
465,logo,75315
466,logo,75322
467,logo,75324
468,logo,75332
469,logo,75333
470,logo,75334
471,logo,75335
472,logo,75336
473,logo,75362
474,logo,75376
475,logo,75378
476,logo,75385
477,logo,75401
478,logo,75551
479,logo,75552
480,logo,75568
481,logo,75569
482,logo,75570
483,logo,75571
484,logo,75572
485,logo,75579
486,logo,75604
487,logo,75634
488,logo,75643
489,logo,75668
490,logo,75674
491,logo,75675
492,logo,75678
493,logo,75690
494,logo,75808
495,logo,76075
496,logo,76200
497,logo,76219
498,logo,76264
499,logo,76284
500,logo,76465
501,logo,76547
502,logo,76691
503,logo,76702
504,logo,76746
505,logo,76788
506,logo,76790
507,logo,76955
508,logo,77126
509,logo,77203
510,logo,77298
511,logo,77307
512,logo,77321
513,logo,77370
514,logo,77373
515,logo,77376
516,logo,77413
517,logo,77417
518,logo,77421
