ID,ASSUNTO_PRINCIPAL,DATA_ENTRADA,DT_DISTRIBUICAO,CLASSE_JUDICIAL,ID_PROCESSO_SISTEMA_LEGADO,INSTANCIA,JUSTICA_GRATUITA,NUMERO_PROCESSO,ORGAO_JULGADOR_STR,POSSUI_LIMINAR,PRIORIDADE,SEGREDO_JUSTICA,SISTEMA,TAREFAENUM,VL_CAUSA,ID_CAIXA,DATA_SINCRONIZACAO,ERRO_SINCRONIZACAO,MOTIVO_SEGREDO_JUSTICA
81,Adicional de Periculosidade,2018-03-26 16:01:07,2015-05-22 18:37:37,12078,43320,1,1,7010129-74.2015.8.22.0601,PJEPG-8,0,0,0,PJEPG,NaoConcluso,21746.63,1,2018-08-07 16:00:54,0,
82,Adicional de Periculosidade,2018-03-26 20:08:08,2015-07-10 18:02:19,1114,53902,1,1,7013864-18.2015.8.22.0601,PJEPG-8,1,0,0,PJEPG,NaoConcluso,12701.04,1,2018-08-07 16:00:54,0,
281,Adicional de Horas Extras,2018-04-13 11:18:52,2016-12-06 21:23:13,436,361357,1,1,7062006-73.2016.8.22.0001,PJEPG-8,0,0,0,PJEPG,NaoConcluso,2032.78,1,2018-08-07 16:00:54,0,
282,Índice da URP abril e maio/1988 DL 2.425/1988,2018-04-13 11:19:24,2017-04-18 11:48:39,436,440952,1,0,7015616-11.2017.8.22.0001,PJEPG-8,0,0,0,PJEPG,NaoConcluso,6675.38,1,2018-08-07 16:00:54,0,
283,Adicional de Horas Extras,2018-04-13 11:19:30,2017-05-11 04:05:34,436,457832,1,1,7019600-03.2017.8.22.0001,PJEPG-8,0,0,0,PJEPG,NaoConcluso,2789.27,1,2018-08-07 16:00:54,0,
321,Rescisão / Resolução,2018-04-17 10:13:59,2017-07-03 20:21:41,436,497732,1,1,7029075-80.2017.8.22.0001,PJEPG-8,0,0,0,PJEPG,NaoConcluso,7610.96,1,2018-08-07 16:00:54,0,
401,Adicional de Insalubridade,2018-04-30 07:13:27,2016-08-02 13:02:42,436,279719,1,1,7039727-93.2016.8.22.0001,PJEPG-8,0,0,0,PJEPG,NaoConcluso,24202.73,1,2018-08-07 16:00:54,0,
402,Empregado Público / Temporário,2018-04-30 07:13:58,2015-11-06 12:29:37,436,107398,1,1,7020827-96.2015.8.22.0001,PJEPG-8,0,0,0,PJEPG,NaoConcluso,12282.42,1,2018-08-07 16:00:54,0,
261,Adicional por Tempo de Serviço,2018-04-13 08:21:11,2016-09-08 21:47:07,436,303891,1,1,7046675-51.2016.8.22.0001,PJEPG-8,0,0,0,PJEPG,NaoConcluso,3052.36,1,2018-08-07 16:00:54,0,
421,Abono de Permanência,2018-04-30 07:59:24,2017-01-18 06:17:50,436,375534,1,1,0000085-04.2017.8.22.0001,PJEPG-8,1,0,0,PJEPG,NaoConcluso,12000,1,2018-08-07 16:00:54,0,
61,Adicional de Insalubridade,2018-03-26 13:06:16,2017-05-17 16:57:09,12078,462616,1,1,7020665-33.2017.8.22.0001,PJEPG-8,0,0,0,PJEPG,NaoConcluso,12867.47,1,2018-08-07 16:00:54,0,
121,Concessão / Permissão / Autorização,2018-03-27 12:37:33,2016-11-20 19:54:24,436,287421,1,1,7041763-11.2016.8.22.0001,PJEPG-8,1,0,0,PJEPG,NaoConcluso,880,1,2018-08-07 16:00:54,0,
122,Contribuições Previdenciárias,2018-04-02 10:01:14,2016-11-16 12:19:52,436,348328,1,0,7058633-34.2016.8.22.0001,PJEPG-8,0,0,0,PJEPG,NaoConcluso,3174.98,1,2018-08-07 16:00:54,0,
141,Adicional de Periculosidade,2018-04-04 12:40:46,2015-04-08 06:01:48,12078,33746,1,0,7006744-21.2015.8.22.0601,PJEPG-8,0,0,0,PJEPG,NaoConcluso,9360.36,1,2018-08-07 16:00:54,0,
301,FGTS/Fundo de Garantia Por Tempo de Serviço,2018-04-17 08:31:22,2017-07-12 08:03:20,7,484780,1,0,7025869-58.2017.8.22.0001,PJEPG-8,0,0,0,PJEPG,NaoConcluso,2279.88,32,2018-10-08 06:40:55,338,
922,Auxílio-transporte,2018-11-20 17:41:07,2016-11-01 09:44:33,436,338981,1,1,7056320-03.2016.8.22.0001,PJEPG-8,0,0,0,PJEPG,NaoConcluso,8862.07,262,2018-11-27 07:43:29,0,
923,Auxílio-transporte,2018-10-29 15:37:43,2017-01-13 15:27:34,436,379331,1,1,7000686-85.2017.8.22.0001,PJEPG-8,0,0,0,PJEPG,NaoConcluso,7920,262,2018-11-21 13:48:48,0,
924,Auxílio-transporte,2018-05-29 09:16:27,2016-08-04 04:45:47,436,280674,1,1,7040029-25.2016.8.22.0001,PJEPG-8,0,0,0,PJEPG,NaoConcluso,18800.31,32,2018-10-08 06:41:17,338,
925,Auxílio-transporte,2018-11-05 07:39:56,2017-01-23 22:03:47,436,383862,1,1,7001935-71.2017.8.22.0001,PJEPG-8,0,0,0,PJEPG,NaoConcluso,7920,262,2018-11-28 05:55:31,0,
926,Auxílio-transporte,2018-05-29 09:17:57,2017-01-24 10:37:51,436,384189,1,1,7001986-82.2017.8.22.0001,PJEPG-8,1,0,0,PJEPG,NaoConcluso,5081.18,32,2018-10-08 06:41:21,338,
927,Auxílio-transporte,2018-05-29 09:17:59,2017-01-24 10:46:29,436,384195,1,1,7001987-67.2017.8.22.0001,PJEPG-8,0,0,0,PJEPG,NaoConcluso,6150.63,32,2018-10-08 06:41:22,338,
928,Auxílio-transporte,2018-05-29 09:18:39,2017-03-20 19:55:42,436,419374,1,1,7010730-66.2017.8.22.0001,PJEPG-8,0,0,0,PJEPG,NaoConcluso,5854.42,32,2018-10-08 06:41:28,338,
929,Auxílio-transporte,2018-05-29 09:18:42,2017-06-14 04:02:18,436,484128,1,1,7025752-67.2017.8.22.0001,PJEPG-8,0,0,0,PJEPG,NaoConcluso,13186.57,32,2018-10-08 06:41:29,338,
930,Auxílio-transporte,2018-05-29 09:18:48,2017-08-23 12:48:06,436,535435,1,1,7037711-35.2017.8.22.0001,PJEPG-8,1,0,0,PJEPG,NaoConcluso,100,32,2018-10-08 06:41:47,338,
931,Auxílio-transporte,2018-11-23 10:45:02,2017-08-23 17:31:47,436,535497,1,1,7037735-63.2017.8.22.0001,PJEPG-8,1,0,0,PJEPG,Minutar,22571.8,225,2018-11-30 05:31:00,0,
932,Auxílio-transporte,2018-11-08 11:25:22,2017-10-06 09:45:32,436,567103,1,1,7043987-82.2017.8.22.0001,PJEPG-8,0,0,0,PJEPG,NaoConcluso,9360,262,2018-11-27 10:23:27,0,
933,Auxílio-transporte,2018-05-29 09:20:49,2017-11-06 06:54:18,436,586190,1,0,7047902-42.2017.8.22.0001,PJEPG-8,0,0,0,PJEPG,NaoConcluso,7008.8,32,2018-10-08 06:41:55,338,
934,Auxílio-transporte,2018-11-23 10:15:00,2017-11-15 08:29:56,436,592231,1,1,7049249-13.2017.8.22.0001,PJEPG-8,1,0,0,PJEPG,NaoConcluso,11896.67,262,2018-11-27 07:40:22,0,
1001,Pecúlios (Art. 81/5),2018-11-08 12:17:08,2017-09-27 08:46:41,436,560308,1,1,7042666-12.2017.8.22.0001,PJEPG-8,0,0,0,PJEPG,NaoConcluso,8298.58,262,2018-11-28 06:31:24,0,
1002,Pecúlios (Art. 81/5),2018-06-07 08:35:21,2017-09-28 05:09:53,436,561648,1,1,7042972-78.2017.8.22.0001,PJEPG-8,0,0,0,PJEPG,NaoConcluso,5141.28,32,2018-10-08 06:42:16,0,
101,Piso Salarial,2018-03-27 12:39:30,2017-07-12 11:27:34,436,503807,1,1,7030663-25.2017.8.22.0001,PJEPG-8,0,0,0,PJEPG,NaoConcluso,6909.77,1,2018-08-07 16:00:54,0,
161,classe,2018-04-04 11:45:01,2016-08-19 04:05:48,436,278564,1,1,7039495-81.2016.8.22.0001,PJEPG-8,0,0,0,PJEPG,NaoConcluso,36000,1,2018-08-07 16:00:54,0,
162,Adicional de Insalubridade,2018-04-04 11:46:01,2016-12-13 05:27:16,436,352266,1,1,7059596-42.2016.8.22.0001,PJEPG-8,0,0,0,PJEPG,NaoConcluso,49454.88,1,2018-08-07 16:00:54,0,
381,Sistema Remuneratório e Benefícios,2018-04-24 08:35:31,2017-10-16 13:04:59,436,572780,1,1,7045181-20.2017.8.22.0001,PJEPG-8,0,0,0,PJEPG,NaoConcluso,5630.34,32,2018-08-07 16:00:54,0,
382,Sistema Remuneratório e Benefícios,2018-04-24 08:35:31,2017-10-16 13:17:55,436,572803,1,1,7045185-57.2017.8.22.0001,PJEPG-8,0,0,0,PJEPG,NaoConcluso,4485.79,32,2018-08-07 16:00:54,0,
383,Sistema Remuneratório e Benefícios,2018-04-24 08:35:31,2017-10-16 13:40:58,436,572841,1,1,7045190-79.2017.8.22.0001,PJEPG-8,0,0,0,PJEPG,NaoConcluso,4986.76,32,2018-08-07 16:00:54,0,
921,Passe livre em transporte,2018-05-29 09:15:02,2016-08-18 04:57:11,241,62473,1,1,7003681-42.2015.8.22.0001,PJEPG-8,0,0,0,PJEPG,NaoConcluso,11505.77,32,2018-10-08 06:42:20,338,
1021,Pecúlios (Art. 81/5),2018-11-08 12:15:20,2017-09-27 10:35:14,436,560647,1,1,7042711-16.2017.8.22.0001,PJEPG-8,0,0,0,PJEPG,NaoConcluso,8383.51,262,2018-11-27 02:33:16,0,
1022,Pecúlios (Art. 81/5),2018-11-05 09:29:08,2017-09-27 11:37:18,436,560838,1,1,7042748-43.2017.8.22.0001,PJEPG-8,0,0,0,PJEPG,NaoConcluso,15696.96,262,2018-11-23 06:59:34,0,
1023,Pecúlios (Art. 81/5),2018-11-08 12:13:23,2017-09-28 08:46:51,436,561600,1,1,7042961-49.2017.8.22.0001,PJEPG-8,0,0,0,PJEPG,NaoConcluso,5941.5,262,2018-11-28 06:24:44,0,
1024,Pecúlios (Art. 81/5),2018-11-08 12:18:08,2017-09-28 08:58:04,436,561626,1,1,7042966-71.2017.8.22.0001,PJEPG-8,0,0,0,PJEPG,NaoConcluso,16030.83,262,2018-11-27 11:44:53,0,
1025,Pecúlios (Art. 81/5),2018-06-07 08:41:32,2017-09-27 07:24:16,436,560804,1,1,7042739-81.2017.8.22.0001,PJEPG-8,0,0,0,PJEPG,NaoConcluso,16590.86,32,2018-10-08 09:18:04,0,
361,Empregado Público / Temporário,2018-04-18 16:44:55,2017-07-24 16:34:56,436,510442,1,1,7032263-81.2017.8.22.0001,PJEPG-8,0,0,0,PJEPG,NaoConcluso,21859.57,1,2018-08-07 16:00:54,0,
501,Adicional de Insalubridade,2018-05-08 10:53:48,2018-02-08 08:37:38,436,640796,1,1,7004923-31.2018.8.22.0001,PJEPG-8,0,0,0,PJEPG,Minutar,8143.12,66,2018-11-30 06:32:00,0,
1003,Pecúlios (Art. 81/5),2018-11-08 12:21:10,2017-09-28 09:38:20,436,561698,1,1,7042986-62.2017.8.22.0001,PJEPG-8,0,0,0,PJEPG,NaoConcluso,16674.37,262,2018-11-27 11:48:29,0,
1005,Pecúlios (Art. 81/5),2018-11-08 12:50:31,2017-09-28 10:27:36,436,561844,1,1,7043013-45.2017.8.22.0001,PJEPG-8,0,0,0,PJEPG,NaoConcluso,8908.87,262,2018-11-28 07:23:17,0,
9978,Cessão de créditos não-tributários,2018-11-09 11:36:35,2018-11-09 10:59:25,64,748943,1,0,7029778-74.2018.8.22.0001,PJEPG-8,0,0,0,PJEPG,Minutar,60000,223,2018-11-30 03:34:53,0,
11510,Base de Cálculo,2018-11-16 10:46:05,2018-08-06 10:22:14,436,738874,1,1,7030570-28.2018.8.22.0001,PJEPG-8,1,0,0,PJEPG,Minutar,21590.53,223,2018-11-30 09:55:53,0,
11054,Licenciamento de Veículo,2018-11-20 18:34:41,2018-08-02 16:54:46,436,751686,1,0,7030378-95.2018.8.22.0001,PJEPG-8,1,1,0,PJEPG,Minutar,8235.38,1,2018-11-30 12:38:26,0,
18894,Readaptação,2018-10-29 09:23:32,2018-08-21 11:25:37,436,763606,1,1,7033121-78.2018.8.22.0001,PJEPG-8,1,0,0,PJEPG,Minutar,2000,223,2018-11-30 10:30:05,0,
16468,Irredutibilidade de Vencimentos,2018-10-15 09:07:23,2018-09-12 13:01:31,436,759873,1,1,7032213-21.2018.8.22.0001,PJEPG-8,0,0,0,PJEPG,NaoConcluso,13000,223,2018-11-28 07:46:43,0,
14075,Multas e demais Sanções,2018-10-30 15:34:28,2018-08-15 09:40:28,436,756299,1,1,7031401-76.2018.8.22.0001,PJEPG-8,0,0,0,PJEPG,Minutar,293.47,261,2018-11-30 10:33:16,0,
18338,Antecipação de Tutela / Tutela Específica,2018-11-05 15:38:43,2018-08-30 07:52:03,436,762775,1,0,7032947-69.2018.8.22.0001,PJEPG-8,1,0,0,PJEPG,NaoConcluso,10000,301,2018-11-20 13:45:29,0,
13239,Adicional de Insalubridade,2018-11-01 11:29:54,2018-08-15 08:19:42,436,742000,1,1,7028224-07.2018.8.22.0001,PJEPG-8,1,0,0,PJEPG,Minutar,61341.24,261,2018-11-30 10:03:38,0,
22756,Acidente de Trânsito,2018-11-23 07:59:50,2018-08-28 11:33:15,436,768593,1,1,7034498-84.2018.8.22.0001,PJEPG-8,1,0,0,PJEPG,Minutar,17887.61,261,2018-11-30 12:38:45,0,
14110,Adicional de Insalubridade,2018-11-05 16:57:46,2018-09-17 07:41:57,436,756396,1,1,7031412-08.2018.8.22.0001,PJEPG-8,0,0,0,PJEPG,Minutar,1000,224,2018-11-30 12:01:59,0,
14426,DIREITO DO CONSUMIDOR,2018-10-11 12:23:53,2018-08-27 17:07:06,436,685314,1,1,7015444-35.2018.8.22.0001,PJEPG-8,0,0,0,PJEPG,Minutar,35000,62,2018-11-30 04:31:23,0,
17131,Obrigação de Fazer / Não Fazer,2018-11-08 09:38:00,2018-08-21 09:01:15,436,760818,1,1,7032440-11.2018.8.22.0001,PJEPG-8,1,0,0,PJEPG,Minutar,1000,261,2018-11-30 04:20:51,0,
17893,Classificação e/ou Preterição,2018-11-09 18:50:56,2018-08-20 08:00:33,436,761883,1,0,7032740-70.2018.8.22.0001,PJEPG-8,1,0,0,PJEPG,Minutar,28800,261,2018-11-30 04:31:48,0,
14721,Indenização por Dano Moral,2018-10-29 09:11:37,2018-08-14 10:45:41,436,757204,1,1,7031588-84.2018.8.22.0001,PJEPG-8,0,0,0,PJEPG,Minutar,10729.62,261,2018-11-30 10:41:34,0,
18022,Indenização por Dano Material,2018-10-22 09:22:36,2018-08-20 11:04:06,436,762110,1,1,7032786-59.2018.8.22.0001,PJEPG-8,0,0,0,PJEPG,Minutar,43580,261,2018-11-30 10:44:03,0,
22505,Obrigação de Fazer / Não Fazer,2018-10-04 08:39:37,2018-08-31 08:07:32,436,768393,1,1,7034456-35.2018.8.22.0001,PJEPG-8,1,0,0,PJEPG,Minutar,12106.73,62,2018-11-30 10:16:05,0,
15594,Abono Pecuniário (Art. 78 Lei 8.112/1990),2018-10-19 10:28:19,2018-08-15 12:58:22,436,758548,1,1,7031882-39.2018.8.22.0001,PJEPG-8,0,0,0,PJEPG,Minutar,10117.5,261,2018-11-30 10:44:11,0,
21198,Plano de Classificação de Cargos,2018-11-13 10:03:33,2018-08-27 16:31:25,436,766812,1,0,7033955-81.2018.8.22.0001,PJEPG-8,1,0,0,PJEPG,Minutar,954,261,2018-11-30 07:15:58,0,
21725,Classificação e/ou Preterição,2018-11-01 09:55:30,2018-08-27 11:22:47,436,767590,1,1,7034165-35.2018.8.22.0001,PJEPG-8,1,0,0,PJEPG,NaoConcluso,1000,301,2018-11-14 15:17:46,0,
16572,Prazo de Validade,2018-11-07 11:05:56,2018-08-23 16:53:54,436,745840,1,1,7029158-62.2018.8.22.0001,PJEPG-8,1,0,0,PJEPG,NaoConcluso,10345.2,301,2018-11-20 13:48:40,0,
12369,,2018-10-11 12:15:56,2018-08-08 16:22:34,436,617238,1,1,7054249-91.2017.8.22.0001,PJEPG-8,0,0,0,PJEPG,Minutar,36212.46,261,2018-11-30 04:24:07,0,
17242,Obrigação de Fazer / Não Fazer,2018-11-08 14:08:35,2018-08-16 09:53:05,436,760988,1,1,7032474-83.2018.8.22.0001,PJEPG-8,1,0,0,PJEPG,Minutar,25908.95,261,2018-11-30 12:02:17,0,
19302,Liminar,2018-10-30 12:11:54,2018-08-21 11:18:07,436,764166,1,1,7033246-46.2018.8.22.0001,PJEPG-8,1,1,0,PJEPG,NaoConcluso,5000,301,2018-10-31 17:19:39,0,
25648,Arrolamento de Bens,2018-10-03 11:19:06,2018-10-03 08:07:21,436,772321,1,0,7035363-10.2018.8.22.0001,PJEPG-8,0,0,0,PJEPG,NaoConcluso,29651.06,223,2018-11-23 04:41:28,278,
35207,Obrigação de Fazer / Não Fazer,2018-11-22 08:00:28,2018-09-10 09:00:02,436,775890,1,0,7036243-02.2018.8.22.0001,PJEPG-8,0,0,0,PJEPG,Minutar,7200,223,2018-11-30 12:39:27,0,
1004,Pecúlios (Art. 81/5),2018-11-08 12:45:54,2017-09-28 10:16:21,436,561812,1,1,7043006-53.2017.8.22.0001,PJEPG-8,0,0,0,PJEPG,NaoConcluso,8708.28,262,2018-11-28 07:16:02,0,
43557,Cédula de Crédito Comercial,2018-10-22 10:44:49,2018-10-08 12:38:02,7,782282,1,1,7037590-70.2018.8.22.0001,PJEPG-8,0,0,0,PJEPG,Minutar,23674.87,223,2018-11-30 10:51:24,0,
45121,Classificação e/ou Preterição,2018-11-26 11:25:25,2018-09-24 16:51:53,436,710926,1,1,7021000-18.2018.8.22.0001,PJEPG-8,1,0,0,PJEPG,Minutar,25280.76,261,2018-11-30 12:10:49,0,
45619,Gratificação Estadual - AM,2018-11-07 12:19:33,2018-09-24 08:44:14,436,784297,1,0,7038057-49.2018.8.22.0001,PJEPG-8,1,0,0,PJEPG,Minutar,2085.45,224,2018-11-30 11:47:53,0,
42496,Anulação,2018-10-22 10:53:35,2018-09-20 11:08:15,436,748040,1,1,7029810-79.2018.8.22.0001,PJEPG-8,1,0,0,PJEPG,Minutar,3800,223,2018-11-30 10:53:42,0,
44831,Acumulação de Cargos,2018-11-05 11:32:24,2018-09-20 10:52:50,7,783447,1,1,7037881-70.2018.8.22.0001,PJEPG-8,1,0,0,PJEPG,NaoConcluso,25000,301,2018-11-20 16:12:35,0,
59720,Indenização por Dano Moral,2018-10-29 10:31:44,2018-09-26 10:55:58,436,786461,1,1,7038471-47.2018.8.22.0001,PJEPG-8,0,0,0,PJEPG,Minutar,50000,223,2018-11-30 10:54:48,0,
34547,Base de Cálculo,2018-10-16 12:01:06,2018-09-10 09:06:55,436,775174,1,1,7036052-54.2018.8.22.0001,PJEPG-8,0,0,0,PJEPG,NaoConcluso,1000,223,2018-11-28 08:16:52,0,
45703,Adicional de Insalubridade,2018-11-05 07:57:47,2018-09-24 10:56:30,436,784350,1,1,7038052-27.2018.8.22.0001,PJEPG-8,0,0,0,PJEPG,Minutar,16459.26,223,2018-11-30 09:14:19,0,
45147,Defeito nulidade ou anulação,2018-11-05 14:21:31,2018-09-20 10:57:29,7,783896,1,1,7037941-43.2018.8.22.0001,PJEPG-8,1,0,0,PJEPG,NaoConcluso,1000,301,2018-11-20 11:53:12,0,
44870,Apreensão,2018-11-08 15:42:29,2018-09-26 16:55:51,436,783770,1,0,7037909-38.2018.8.22.0001,PJEPG-8,1,0,0,PJEPG,Minutar,3010.42,261,2018-11-30 03:38:53,0,
34106,Prazo de Validade,2018-10-31 13:15:15,2018-09-17 10:31:00,436,717838,1,1,7022636-19.2018.8.22.0001,PJEPG-8,1,0,0,PJEPG,NaoConcluso,60000,301,2018-11-16 04:43:57,9,
67479,,2018-10-05 11:17:09,2014-11-06 14:03:57,12078,7707,1,1,7005589-17.2014.8.22.0601,PJEPG-8,1,0,0,PJEPG,Minutar,20000,225,2018-11-30 04:35:57,0,
71043,Adicional de Insalubridade,2018-10-10 11:19:40,2016-09-29 18:48:29,12078,319112,1,1,7051161-79.2016.8.22.0001,PJEPG-8,0,0,0,PJEPG,NaoConcluso,16038.75,221,2018-11-14 16:38:47,0,
72746,,2018-10-11 18:21:30,2015-02-12 12:46:39,12078,22450,1,1,7002856-44.2015.8.22.0601,PJEPG-8,0,0,0,PJEPG,Minutar,214243.91,221,2018-11-30 06:47:50,0,
72751,Adicional de Insalubridade,2018-10-11 18:24:11,2018-08-15 09:11:43,436,760193,1,1,7032321-50.2018.8.22.0001,PJEPG-8,1,0,0,PJEPG,Minutar,24540.64,261,2018-11-30 06:51:59,0,
72803,Indenização por Dano Moral,2018-10-12 11:15:29,2018-10-12 11:13:39,436,799732,1,1,7041316-52.2018.8.22.0001,PJEPG-8,1,0,0,PJEPG,NaoConcluso,15000,381,2018-10-22 09:52:48,0,
73706,Gratificação,2018-10-15 10:15:25,2018-07-23 20:13:12,156,743999,1,1,7028650-19.2018.8.22.0001,PJEPG-8,0,0,0,PJEPG,Minutar,10245.86,263,2018-11-30 10:59:20,0,
73713,Promoção / Ascensão,2018-10-24 11:14:59,2018-03-29 20:02:25,436,671509,1,1,7012190-54.2018.8.22.0001,PJEPG-8,0,0,0,PJEPG,NaoConcluso,23201.16,262,2018-10-31 12:22:08,0,
73716,Licença Prêmio,2018-11-30 12:56:28,2017-12-07 11:41:48,436,608790,1,1,7052460-57.2017.8.22.0001,PJEPG-8,0,0,0,PJEPG,Minutar,56220,262,2018-11-30 12:56:30,0,
73720,Acompanhamento de Cônjuge ou Companheiro,2018-10-15 10:23:31,2018-10-15 10:20:26,436,800079,1,0,7041390-09.2018.8.22.0001,PJEPG-8,0,0,0,PJEPG,NaoConcluso,38608.28,381,2018-11-20 14:31:41,0,
73725,Classificação e/ou Preterição,2018-10-26 10:11:26,2017-02-22 12:17:20,436,403238,1,1,7006757-06.2017.8.22.0001,PJEPG-8,1,0,0,PJEPG,NaoConcluso,26350.4,262,2018-11-05 09:16:18,0,
66187,Adicional de Insalubridade,2018-10-04 10:23:14,2018-09-27 16:08:21,1114,501880,1,1,7038974-68.2018.8.22.0001,PJEPG-8,0,0,0,PJEPG,NaoConcluso,28620,223,2018-11-23 03:07:06,0,
64874,Indenização por Dano Moral,2018-10-03 08:14:51,2017-03-08 14:09:51,436,371538,1,1,7064510-52.2016.8.22.0001,PJEPG-8,1,0,0,PJEPG,Minutar,6000,261,2018-11-30 09:57:36,0,
70044,Correção Monetária de Diferenças Pagas em Atraso,2018-10-11 08:31:58,2018-10-11 07:33:26,436,796921,1,1,7040692-03.2018.8.22.0001,PJEPG-8,1,0,0,PJEPG,NaoConcluso,13044.04,301,2018-10-26 11:29:04,0,
75572,Adicional de Horas Extras,2018-10-16 12:41:23,2018-10-10 17:42:44,436,798473,1,1,7041017-75.2018.8.22.0001,PJEPG-8,0,0,0,PJEPG,Minutar,6793.65,261,2018-11-30 10:59:59,0,
75690,Obrigação de Fazer / Não Fazer,2018-10-16 13:18:59,2018-10-16 13:10:41,156,801351,1,1,7041690-68.2018.8.22.0001,PJEPG-8,0,0,0,PJEPG,NaoConcluso,945,361,2018-11-20 14:32:09,0,
73767,Reajustes de Remuneração Proventos ou Pensão,2018-10-15 10:46:57,2018-09-04 15:35:06,436,773876,1,1,7035765-91.2018.8.22.0001,PJEPG-8,0,0,0,PJEPG,Minutar,738.45,261,2018-11-30 11:00:26,0,
74768,Indenização por Dano Moral,2018-10-16 07:45:09,2017-12-20 17:43:23,436,617276,1,1,7054254-16.2017.8.22.0001,PJEPG-8,0,0,0,PJEPG,Minutar,10000,263,2018-11-30 11:00:47,0,
74889,Acidente de Trânsito,2018-10-16 09:11:23,2016-11-10 17:32:02,436,341836,1,1,7057234-67.2016.8.22.0001,PJEPG-8,0,0,0,PJEPG,Minutar,16740,263,2018-11-30 11:00:52,0,
63745,Correção Monetária de Diferenças Pagas em Atraso,2018-10-01 14:20:04,2017-03-06 14:09:37,436,410095,1,1,7008401-81.2017.8.22.0001,PJEPG-8,0,0,0,PJEPG,NaoConcluso,878.62,262,2018-10-16 22:13:56,80,
69314,Adicional de Insalubridade,2018-10-08 17:19:41,2018-03-09 11:27:53,12079,657500,1,1,7008867-41.2018.8.22.0001,PJEPG-8,0,0,0,PJEPG,Minutar,7761.68,221,2018-11-30 03:28:05,0,
64876,Adicional de Etapa Alimentar,2018-10-03 08:16:24,2018-08-02 14:47:46,436,751945,1,1,7030435-16.2018.8.22.0001,PJEPG-8,0,0,0,PJEPG,Minutar,14140.95,261,2018-11-30 10:01:07,0,
69127,Alimentação,2018-10-08 15:00:10,2015-04-07 12:14:55,1114,33540,1,1,7006672-34.2015.8.22.0601,PJEPG-8,0,0,0,PJEPG,Minutar,10937.46,263,2018-11-30 07:02:33,0,
69385,Obrigação de Fazer / Não Fazer,2018-10-08 17:56:09,2017-01-11 08:42:44,436,377709,1,1,7000300-55.2017.8.22.0001,PJEPG-8,1,0,0,PJEPG,NaoConcluso,9905.47,223,2018-11-23 09:40:58,0,
70531,Saúde,2018-10-23 16:40:03,2018-10-09 18:25:10,436,797490,1,1,7040805-54.2018.8.22.0001,PJEPG-8,1,1,0,PJEPG,Minutar,954,221,2018-11-30 11:00:57,0,
72218,Férias,2018-10-11 12:00:00,2015-01-09 17:25:16,12078,15862,1,1,7000274-71.2015.8.22.0601,PJEPG-8,0,0,0,PJEPG,Minutar,15619.55,221,2018-11-30 04:09:04,0,
74849,Adicional de Produtividade,2018-10-16 08:49:47,2017-04-12 19:31:20,436,438269,1,0,7014842-78.2017.8.22.0001,PJEPG-8,0,0,0,PJEPG,Minutar,91369.55,263,2018-11-30 11:01:03,0,
74854,Adicional de Insalubridade,2018-10-16 08:53:34,2018-08-31 18:26:59,436,772299,1,1,7035362-25.2018.8.22.0001,PJEPG-8,0,0,0,PJEPG,Minutar,16324.75,261,2018-11-30 11:01:06,0,
74859,Licença Prêmio,2018-10-16 08:56:34,2018-08-20 15:51:38,436,763719,1,1,7033143-39.2018.8.22.0001,PJEPG-8,0,0,0,PJEPG,Minutar,5662.98,261,2018-11-30 11:01:21,0,
74591,Correção Monetária de Diferenças Pagas em Atraso,2018-10-23 14:33:50,2017-03-06 17:20:57,436,410336,1,1,7008471-98.2017.8.22.0001,PJEPG-8,0,0,0,PJEPG,NaoConcluso,2826.24,262,2018-10-31 13:33:52,0,
74592,Correção Monetária de Diferenças Pagas em Atraso,2018-10-15 18:27:16,2017-03-10 13:26:59,436,413477,1,1,7009228-92.2017.8.22.0001,PJEPG-8,0,0,0,PJEPG,NaoConcluso,3038.08,262,2018-10-16 23:45:01,5,
74595,Sistema Remuneratório e Benefícios,2018-10-30 14:32:57,2017-05-13 12:08:09,436,459972,1,0,7020136-14.2017.8.22.0001,PJEPG-8,0,0,0,PJEPG,NaoConcluso,36423,262,2018-11-20 14:33:06,0,
74596,Verbas Rescisórias,2018-10-24 12:19:44,2017-05-18 11:39:01,1114,462148,1,1,7020577-92.2017.8.22.0001,PJEPG-8,0,0,0,PJEPG,NaoConcluso,11644.41,262,2018-10-31 13:23:53,0,
74604,Promoção / Ascensão,2018-10-15 18:36:49,2017-07-19 09:43:40,436,508311,1,0,7031929-47.2017.8.22.0001,PJEPG-8,0,0,0,PJEPG,NaoConcluso,8783.1,262,2018-10-30 16:17:38,0,
74606,Promoção / Ascensão,2018-10-29 08:12:10,2017-09-06 18:34:53,436,546587,1,1,7039910-30.2017.8.22.0001,PJEPG-8,1,0,0,PJEPG,NaoConcluso,24930.02,262,2018-11-05 09:18:17,0,
74607,Promoção / Ascensão,2018-10-29 08:37:11,2017-09-15 16:33:29,436,552220,1,0,7041025-86.2017.8.22.0001,PJEPG-8,0,0,0,PJEPG,NaoConcluso,33108.57,262,2018-11-06 16:39:08,0,
74608,Promoção / Ascensão,2018-11-07 12:27:06,2017-09-20 17:01:55,436,555299,1,0,7041650-23.2017.8.22.0001,PJEPG-8,0,0,0,PJEPG,NaoConcluso,13144.3,262,2018-11-27 04:38:12,0,
74609,Correção Monetária de Diferenças Pagas em Atraso,2018-10-23 14:18:21,2017-10-04 10:27:23,436,565101,1,0,7043471-62.2017.8.22.0001,PJEPG-8,0,0,0,PJEPG,NaoConcluso,16130.3,262,2018-10-30 07:41:00,0,
74612,Promoção / Ascensão,2018-10-24 08:16:33,2017-10-19 16:18:07,436,575832,1,1,7045734-67.2017.8.22.0001,PJEPG-8,0,0,0,PJEPG,NaoConcluso,41117.3,262,2018-10-31 14:47:48,0,
74613,Promoção / Ascensão,2018-10-29 08:31:10,2017-10-23 09:10:51,436,577466,1,1,7046074-11.2017.8.22.0001,PJEPG-8,0,0,0,PJEPG,NaoConcluso,32680.51,262,2018-11-06 16:39:09,0,
74614,Atos Administrativos,2018-10-25 11:54:05,2017-10-27 15:23:29,436,581538,1,1,7046879-61.2017.8.22.0001,PJEPG-8,0,0,0,PJEPG,NaoConcluso,31049.07,262,2018-10-31 14:21:29,0,
74616,Promoção / Ascensão,2018-10-26 11:59:29,2017-11-06 11:07:19,436,586232,1,1,7047909-34.2017.8.22.0001,PJEPG-8,0,0,0,PJEPG,NaoConcluso,26500.15,262,2018-11-05 09:18:22,0,
74617,Promoção / Ascensão,2018-10-29 08:22:09,2017-11-08 12:06:37,436,588136,1,1,7048329-39.2017.8.22.0001,PJEPG-8,0,0,0,PJEPG,NaoConcluso,33527.6,262,2018-11-06 16:39:11,0,
74618,Atos Administrativos,2018-10-29 08:15:09,2017-11-08 12:18:50,436,588141,1,1,7048334-61.2017.8.22.0001,PJEPG-8,0,0,0,PJEPG,NaoConcluso,27871.54,262,2018-11-05 09:18:25,0,
74619,Promoção / Ascensão,2018-10-29 08:21:09,2017-11-09 09:53:01,436,588810,1,1,7048509-55.2017.8.22.0001,PJEPG-8,0,0,0,PJEPG,NaoConcluso,18973.98,262,2018-11-06 16:39:12,0,
74620,Promoção / Ascensão,2018-10-29 08:18:09,2017-11-10 08:54:59,436,589735,1,1,7048674-05.2017.8.22.0001,PJEPG-8,0,0,0,PJEPG,NaoConcluso,19264.36,262,2018-11-05 09:18:28,0,
74622,Promoção / Ascensão,2018-10-29 12:09:43,2017-12-06 09:10:14,436,607467,1,1,7052164-35.2017.8.22.0001,PJEPG-8,0,0,0,PJEPG,NaoConcluso,15020.67,262,2018-11-20 14:33:20,0,
74623,Correção Monetária de Diferenças Pagas em Atraso,2018-10-15 18:41:05,2017-12-06 17:00:07,436,608188,1,0,7052328-97.2017.8.22.0001,PJEPG-8,1,0,0,PJEPG,NaoConcluso,12201.87,262,2018-10-16 23:56:08,5,
74628,Promoção / Ascensão,2018-10-24 11:10:49,2018-01-19 11:53:32,436,628555,1,1,7001880-86.2018.8.22.0001,PJEPG-8,0,0,0,PJEPG,NaoConcluso,19065.96,262,2018-10-31 12:18:08,0,
74629,Promoção / Ascensão,2018-10-15 18:42:25,2018-01-23 08:48:06,436,630001,1,1,7002290-47.2018.8.22.0001,PJEPG-8,0,0,0,PJEPG,NaoConcluso,21726.04,262,2018-10-16 23:57:07,5,
67674,Adicional de Periculosidade,2018-10-05 12:17:39,2018-04-24 10:35:14,12078,687943,1,1,7016019-43.2018.8.22.0001,PJEPG-8,0,0,0,PJEPG,Minutar,26303.81,221,2018-11-30 06:18:38,0,
68549,Atos Administrativos,2018-10-08 08:37:38,2018-02-27 08:43:34,436,650035,1,1,7007114-49.2018.8.22.0001,PJEPG-8,0,0,0,PJEPG,NaoConcluso,7228.12,262,2018-10-26 11:05:05,0,
69991,Correção Monetária de Diferenças Pagas em Atraso,2018-10-11 08:33:41,2018-10-11 07:38:18,436,796855,1,1,7040682-56.2018.8.22.0001,PJEPG-8,1,0,0,PJEPG,NaoConcluso,48523.37,301,2018-10-26 16:52:07,0,
71813,Adicional de Insalubridade,2018-10-11 10:23:34,2018-10-04 16:10:19,436,794025,1,1,7039992-27.2018.8.22.0001,PJEPG-8,0,1,0,PJEPG,NaoConcluso,10816.2,223,2018-11-05 07:54:15,0,
75100,Base de Cálculo,2018-10-19 09:51:47,2018-10-19 08:33:31,436,800837,1,1,7041616-14.2018.8.22.0001,PJEPG-8,0,0,0,PJEPG,Minutar,16733.94,223,2018-11-30 11:01:43,0,
75568,Acidente de Trabalho,2018-10-16 12:40:55,2018-10-10 12:36:02,261,798028,1,0,7040911-16.2018.8.22.0001,PJEPG-8,0,0,0,PJEPG,Minutar,0,223,2018-11-30 11:01:44,0,
75569,Adicional de Horas Extras,2018-10-16 12:40:58,2018-10-10 14:06:26,436,798119,1,1,7040936-29.2018.8.22.0001,PJEPG-8,0,0,0,PJEPG,NaoConcluso,5681.03,223,2018-11-29 12:16:21,0,
75570,Honorários Profissionais,2018-10-16 12:41:06,2018-10-10 14:48:17,12078,798182,1,0,7040944-06.2018.8.22.0001,PJEPG-8,0,0,0,PJEPG,Minutar,2000,223,2018-11-30 11:01:48,0,
75571,Perdas e Danos,2018-10-16 12:41:12,2018-10-10 15:17:18,436,798205,1,1,7040952-80.2018.8.22.0001,PJEPG-8,0,0,0,PJEPG,Minutar,22560,223,2018-11-30 11:01:49,0,
74070,Competência dos Juizados Especiais,2018-10-15 12:32:16,2018-10-15 11:22:15,261,779961,1,0,7037183-64.2018.8.22.0001,PJEPG-8,0,0,0,PJEPG,Minutar,20000,301,2018-11-30 11:02:11,0,
74087,Honorários Profissionais,2018-10-15 12:42:38,2018-10-09 11:37:02,12078,796837,1,1,7040672-12.2018.8.22.0001,PJEPG-8,0,0,0,PJEPG,Minutar,2750,223,2018-11-30 11:02:26,0,
74093,Licença Prêmio,2018-10-15 12:45:58,2017-10-06 18:12:55,436,562577,1,1,7044144-55.2017.8.22.0001,PJEPG-8,0,0,0,PJEPG,Minutar,12029.53,263,2018-11-30 11:02:29,0,
70911,Classe,2018-10-10 10:08:02,2018-04-10 16:17:52,12078,678097,1,1,7013730-40.2018.8.22.0001,PJEPG-8,0,0,0,PJEPG,Minutar,46165.27,221,2018-11-30 08:07:48,0,
74631,Promoção / Ascensão,2018-10-23 17:26:54,2018-02-01 12:35:00,436,636098,1,1,7003684-89.2018.8.22.0001,PJEPG-8,0,0,0,PJEPG,NaoConcluso,30584.11,262,2018-10-31 16:33:24,0,
74632,Atos Administrativos,2018-10-29 08:43:26,2018-02-15 11:18:52,436,643419,1,1,7005524-37.2018.8.22.0001,PJEPG-8,0,0,0,PJEPG,NaoConcluso,26783.1,262,2018-11-07 11:51:43,0,
74635,Promoção / Ascensão,2018-11-07 11:39:52,2018-04-02 15:45:19,436,672312,1,1,7012420-96.2018.8.22.0001,PJEPG-8,0,0,0,PJEPG,NaoConcluso,22834,262,2018-11-27 03:52:39,0,
74638,Obrigação de Fazer / Não Fazer,2018-11-12 10:41:15,2018-04-23 12:33:13,436,685228,1,1,7015414-97.2018.8.22.0001,PJEPG-8,0,0,0,PJEPG,Minutar,42930,223,2018-11-30 09:07:32,0,
74639,Promoção / Ascensão,2018-11-05 11:34:40,2018-04-20 16:15:49,436,686241,1,1,7015610-67.2018.8.22.0001,PJEPG-8,0,0,0,PJEPG,NaoConcluso,24074.91,262,2018-11-28 00:33:17,0,
74641,Adicional de Periculosidade,2018-10-29 11:45:44,2018-04-30 10:20:23,436,691738,1,1,7016941-84.2018.8.22.0001,PJEPG-8,0,0,0,PJEPG,NaoConcluso,8938.81,262,2018-11-20 14:34:21,0,
74659,Adicional de Horas Extras,2018-10-15 18:48:26,2018-10-15 17:57:49,436,800633,1,1,7041528-73.2018.8.22.0001,PJEPG-8,0,0,0,PJEPG,NaoConcluso,57240,361,2018-10-31 15:58:57,0,
75096,Direito de Imagem,2018-10-16 10:41:56,2017-12-11 14:40:51,436,610568,1,0,7052832-06.2017.8.22.0001,PJEPG-8,1,0,0,PJEPG,Minutar,28000,263,2018-11-30 11:03:06,0,
75104,Acidente de Trânsito,2018-10-16 10:44:19,2018-05-07 12:26:16,436,695892,1,1,7017803-55.2018.8.22.0001,PJEPG-8,0,0,0,PJEPG,Minutar,29000,263,2018-11-30 11:03:09,0,
66342,Obrigação de Fazer / Não Fazer,2018-10-04 11:27:09,2016-07-26 01:40:20,1114,274224,1,0,7038253-87.2016.8.22.0001,PJEPG-8,0,0,0,PJEPG,NaoConcluso,7999.06,223,2018-11-23 04:44:22,0,
69778,Adicional de Periculosidade,2018-10-09 10:23:52,2017-05-11 16:52:20,12078,458636,1,0,7019779-34.2017.8.22.0001,PJEPG-8,0,0,0,PJEPG,NaoConcluso,22468.75,223,2018-11-07 09:15:06,0,
72269,Servidor Público Civil,2018-10-11 12:20:38,2017-09-20 14:42:25,436,554764,1,1,7041614-78.2017.8.22.0001,PJEPG-8,0,0,0,PJEPG,Minutar,25834.72,261,2018-11-30 04:28:46,0,
72859,Gratificação de Incentivo à Docência - GID,2018-11-21 08:02:45,2018-10-14 21:05:39,436,799900,1,1,7041349-42.2018.8.22.0001,PJEPG-8,1,0,0,PJEPG,Minutar,35993.58,301,2018-11-30 02:59:39,0,
74111,Aplicabilidade,2018-10-15 12:52:35,2018-10-09 11:33:24,12078,794774,1,1,7040669-57.2018.8.22.0001,PJEPG-8,1,0,0,PJEPG,NaoConcluso,11800.73,223,2018-11-29 12:17:42,0,
74115,Aplicabilidade,2018-10-15 12:54:08,2018-10-09 11:29:12,12078,794738,1,1,7040668-72.2018.8.22.0001,PJEPG-8,1,0,0,PJEPG,NaoConcluso,13133.9,223,2018-11-29 12:17:49,0,
67026,Promoção / Ascensão,2018-11-14 08:41:28,2018-05-10 17:04:50,436,699177,1,1,7018527-59.2018.8.22.0001,PJEPG-8,0,0,0,PJEPG,NaoConcluso,18469.51,262,2018-11-27 10:53:49,0,
71529,Curso de Formação,2018-11-21 08:42:58,2018-10-10 22:10:58,436,798572,1,1,7041064-49.2018.8.22.0001,PJEPG-8,0,0,0,PJEPG,Minutar,5165.01,261,2018-11-30 03:50:14,0,
72429,Promoção / Ascensão,2018-11-07 12:23:53,2017-07-03 12:35:33,436,497246,1,0,7028941-53.2017.8.22.0001,PJEPG-8,0,0,0,PJEPG,NaoConcluso,27403.4,262,2018-11-28 09:00:14,0,
72488,Licença Prêmio,2018-10-11 16:02:22,2018-10-11 16:00:18,436,799396,1,0,7041225-59.2018.8.22.0001,PJEPG-8,0,0,0,PJEPG,NaoConcluso,23991.45,361,2018-10-30 06:54:07,0,
73737,Adicional de Insalubridade,2018-10-15 10:32:22,2017-04-28 20:00:36,12078,449846,1,1,7017618-51.2017.8.22.0001,PJEPG-8,0,0,0,PJEPG,Minutar,5389.1,225,2018-11-30 11:03:54,0,
73738,Precatório,2018-10-15 10:32:58,2018-08-24 16:50:55,1114,767534,1,1,7034137-67.2018.8.22.0001,PJEPG-8,0,0,0,PJEPG,Minutar,152995,263,2018-11-30 11:03:56,0,
73739,Honorários Profissionais,2018-10-15 10:33:10,2018-09-26 16:38:56,12078,788165,1,1,7038775-46.2018.8.22.0001,PJEPG-8,0,0,0,PJEPG,NaoConcluso,1800,223,2018-11-23 06:55:05,0,
73740,Gratificação Complementar de Vencimento,2018-10-15 10:33:16,2018-10-08 18:08:07,436,796099,1,1,7040555-21.2018.8.22.0001,PJEPG-8,0,0,0,PJEPG,NaoConcluso,57240,223,2018-11-28 08:26:32,0,
73741,Promoção / Ascensão,2018-10-15 10:34:33,2015-10-21 16:20:15,12078,99933,1,1,7017897-08.2015.8.22.0001,PJEPG-8,0,0,0,PJEPG,Minutar,9062.8,225,2018-11-30 11:04:02,0,
73744,Classificação e/ou Preterição,2018-10-15 10:36:29,2016-02-11 16:36:57,436,160477,1,1,7006635-27.2016.8.22.0001,PJEPG-8,1,0,0,PJEPG,Minutar,880,263,2018-11-30 11:04:09,0,
73749,Concurso Público / Edital,2018-10-15 10:39:03,2018-09-18 22:15:56,436,782742,1,1,7037682-48.2018.8.22.0001,PJEPG-8,1,0,0,PJEPG,NaoConcluso,1000,301,2018-11-05 09:22:00,0,
73756,Promoção / Ascensão,2018-10-15 10:42:00,2018-08-31 16:01:23,436,772138,1,1,7035315-51.2018.8.22.0001,PJEPG-8,0,0,0,PJEPG,Minutar,27431.68,261,2018-11-30 11:04:21,0,
73757,Adicional de Insalubridade,2018-10-15 10:43:14,2015-06-22 15:19:06,12078,48084,1,0,7012199-64.2015.8.22.0601,PJEPG-8,0,0,0,PJEPG,NaoConcluso,4373.42,223,2018-11-23 06:55:20,0,
73758,Saúde,2018-10-15 10:43:42,2016-10-20 13:16:32,436,331520,1,1,7054325-52.2016.8.22.0001,PJEPG-8,1,0,0,PJEPG,NaoConcluso,0,262,2018-10-26 10:52:10,0,
73763,Obrigação de Fazer / Não Fazer,2018-11-28 08:59:40,2018-09-14 10:32:13,436,779993,1,1,7037195-78.2018.8.22.0001,PJEPG-8,1,0,0,PJEPG,Minutar,9921.3,421,2018-11-30 11:53:43,0,
71929,Promoção / Ascensão,2018-11-01 16:46:53,2018-03-02 20:53:40,436,653241,1,1,7007838-53.2018.8.22.0001,PJEPG-8,0,0,0,PJEPG,NaoConcluso,57240,262,2018-11-21 12:43:28,0,
71933,Promoção / Ascensão,2018-10-26 14:57:59,2018-03-29 19:44:08,436,671506,1,1,7012188-84.2018.8.22.0001,PJEPG-8,0,0,0,PJEPG,NaoConcluso,10410.51,262,2018-11-05 09:22:29,0,
71936,Promoção / Ascensão,2018-10-26 15:01:02,2018-05-03 17:41:47,436,694117,1,1,7017488-27.2018.8.22.0001,PJEPG-8,0,0,0,PJEPG,NaoConcluso,26794.83,262,2018-11-05 09:22:31,0,
71688,classe,2018-11-08 14:26:18,2015-03-02 12:19:11,12078,25420,1,1,7003922-59.2015.8.22.0601,PJEPG-8,1,0,0,PJEPG,NaoConcluso,788,301,2018-11-09 16:48:07,0,
72944,Adicional de Periculosidade,2018-10-15 08:12:14,2015-03-06 15:27:21,12078,26782,1,0,7004383-31.2015.8.22.0601,PJEPG-8,0,0,0,PJEPG,Minutar,12701.05,225,2018-11-30 11:04:56,0,
74892,Acidente de Trânsito,2018-10-16 09:17:14,2017-06-16 16:20:23,436,485749,1,1,7026217-76.2017.8.22.0001,PJEPG-8,0,0,0,PJEPG,Minutar,8446.74,263,2018-11-30 11:05:05,0,
74930,Promoção / Ascensão,2018-10-16 09:25:31,2018-09-13 16:49:42,436,779601,1,1,7037074-50.2018.8.22.0001,PJEPG-8,0,0,0,PJEPG,Minutar,8594.71,261,2018-11-30 11:05:18,0,
71192,Adicional de Insalubridade,2018-10-10 13:07:49,2017-03-27 12:04:33,12078,424006,1,1,7011887-74.2017.8.22.0001,PJEPG-8,0,0,0,PJEPG,Minutar,6606.45,221,2018-11-30 05:13:14,0,
72668,Adicional de Insalubridade,2018-10-11 17:32:39,2018-10-11 17:28:45,436,799613,1,1,7041278-40.2018.8.22.0001,PJEPG-8,0,0,0,PJEPG,NaoConcluso,31372.57,361,2018-10-31 14:28:20,0,
74193,Adicional de Horas Extras,2018-10-15 14:25:51,2018-10-15 14:24:13,436,800360,1,1,7041463-78.2018.8.22.0001,PJEPG-8,0,0,0,PJEPG,NaoConcluso,57240,361,2018-10-31 12:01:42,0,
74875,Indenização por Dano Moral,2018-10-16 09:04:42,2018-08-16 17:01:41,436,761809,1,1,7032719-94.2018.8.22.0001,PJEPG-8,0,0,0,PJEPG,Minutar,38000,261,2018-11-30 11:05:49,0,
74876,Curso de Formação,2018-10-16 09:05:04,2018-09-18 23:53:20,64,782754,1,0,7037683-33.2018.8.22.0001,PJEPG-8,0,0,0,PJEPG,Minutar,4433.02,301,2018-11-30 11:05:50,0,
67368,Fiscalização,2018-10-08 12:13:03,2018-10-08 08:16:30,436,794405,1,0,7040145-60.2018.8.22.0001,PJEPG-8,1,0,0,PJEPG,NaoConcluso,7105.15,301,2018-10-26 08:25:41,0,
67623,Auxílio-Alimentação,2018-10-05 12:03:49,2015-04-07 17:25:21,12078,33652,1,0,0023879-59.2014.8.22.0001,PJEPG-8,0,0,0,PJEPG,Minutar,7300.8,221,2018-11-30 05:50:39,0,
72239,Atos Administrativos,2018-10-11 12:05:03,2018-10-05 11:04:35,436,794676,1,1,7040163-81.2018.8.22.0001,PJEPG-8,1,0,0,PJEPG,Minutar,1000,224,2018-11-30 04:13:40,0,
72274,IPVA - Imposto Sobre Propriedade de Veículos Automotores,2018-10-31 12:37:22,2017-08-31 16:30:37,436,541167,1,0,7039024-31.2017.8.22.0001,PJEPG-8,1,0,0,PJEPG,NaoConcluso,6414.6,262,2018-11-21 14:30:11,0,
72275,Correção Monetária de Diferenças Pagas em Atraso,2018-10-23 16:04:53,2017-12-12 14:00:17,436,611365,1,0,7053029-58.2017.8.22.0001,PJEPG-8,0,0,0,PJEPG,NaoConcluso,12201.87,262,2018-10-31 15:11:58,0,
72277,Correção Monetária de Diferenças Pagas em Atraso,2018-10-26 11:57:34,2018-05-04 16:48:12,436,695158,1,1,7017659-81.2018.8.22.0001,PJEPG-8,0,0,0,PJEPG,NaoConcluso,22634.44,262,2018-11-05 09:23:59,0,
72303,Obrigação de Fazer / Não Fazer,2018-10-11 12:29:06,2018-08-14 16:33:58,436,759883,1,1,7032219-28.2018.8.22.0001,PJEPG-8,0,0,0,PJEPG,Minutar,14880.8,261,2018-11-30 04:34:52,0,
72306,Promoção / Ascensão,2018-10-29 08:26:19,2017-08-24 12:11:24,436,536212,1,1,7037884-59.2017.8.22.0001,PJEPG-8,1,0,0,PJEPG,NaoConcluso,22860.78,262,2018-11-06 16:42:36,0,
72307,Correção Monetária de Diferenças Pagas em Atraso,2018-10-23 15:48:49,2017-11-27 14:25:51,436,599256,1,0,7050639-18.2017.8.22.0001,PJEPG-8,1,0,0,PJEPG,NaoConcluso,12201.87,262,2018-10-31 14:54:41,0,
69071,Perdas e Danos,2018-10-08 13:05:29,2016-08-12 10:10:24,436,286209,1,1,7041459-12.2016.8.22.0001,PJEPG-8,0,0,0,PJEPG,Minutar,29906.4,261,2018-11-30 04:12:51,0,
71118,Adicional de Insalubridade,2018-10-10 12:28:50,2016-09-30 10:24:34,12078,319348,1,1,7051222-37.2016.8.22.0001,PJEPG-8,0,0,0,PJEPG,Minutar,11877.41,221,2018-11-30 04:22:22,0,
71992,Promoção / Ascensão,2018-10-11 11:06:04,2017-07-03 21:39:13,12078,497698,1,1,7029068-88.2017.8.22.0001,PJEPG-8,1,0,0,PJEPG,Minutar,34084.02,225,2018-11-30 09:58:58,0,
72858,Gratificação de Incentivo à Docência - GID,2018-11-13 08:10:07,2018-10-14 20:44:43,436,799897,1,1,7041348-57.2018.8.22.0001,PJEPG-8,1,0,0,PJEPG,Minutar,35993.58,223,2018-11-30 04:21:27,0,
75362,Adicional de Insalubridade,2018-10-16 11:57:35,2017-02-17 17:57:03,436,400999,1,1,7006266-96.2017.8.22.0001,PJEPG-8,0,0,0,PJEPG,Minutar,12332.84,223,2018-11-30 11:06:01,0,
66573,Honorários Advocatícios em Execução Contra a Fazenda Pública,2018-10-04 13:00:58,2018-04-30 11:18:59,436,690210,1,0,7016562-46.2018.8.22.0001,PJEPG-8,0,0,0,PJEPG,Minutar,8066.62,263,2018-11-30 03:51:30,0,
66580,Promoção / Ascensão,2018-11-07 16:38:10,2018-01-30 17:57:29,436,634615,1,0,7003292-52.2018.8.22.0001,PJEPG-8,0,0,0,PJEPG,NaoConcluso,12072.61,262,2018-11-27 11:28:49,0,
66581,Promoção / Ascensão,2018-10-23 11:37:44,2018-06-27 08:56:41,436,728268,1,1,7024807-46.2018.8.22.0001,PJEPG-8,0,0,0,PJEPG,NaoConcluso,8914.82,262,2018-10-30 10:41:24,0,
70328,Obrigação de Fazer / Não Fazer,2018-10-11 08:23:29,2018-10-11 07:49:27,436,797314,1,0,7040764-87.2018.8.22.0001,PJEPG-8,1,0,0,PJEPG,NaoConcluso,1000,301,2018-10-24 13:40:43,0,
72090,Indenização por Dano Moral,2018-10-11 11:35:54,2018-10-04 17:18:40,436,793158,1,0,7040046-90.2018.8.22.0001,PJEPG-8,1,0,0,PJEPG,NaoConcluso,10640,301,2018-11-05 04:45:02,0,
75579,Defeito nulidade ou anulação,2018-10-16 12:44:30,2016-11-29 17:33:59,436,357190,1,0,7060772-56.2016.8.22.0001,PJEPG-8,0,0,0,PJEPG,Minutar,1000,225,2018-11-30 11:06:03,0,
72916,Base de Cálculo,2018-10-15 07:48:48,2018-09-18 18:05:48,436,782679,1,0,7037670-34.2018.8.22.0001,PJEPG-8,0,0,0,PJEPG,Minutar,31237.8,261,2018-11-30 11:06:19,0,
74311,Adicional de Produtividade,2018-10-15 16:55:37,2018-10-15 16:47:42,436,800545,1,0,7041500-08.2018.8.22.0001,PJEPG-8,0,0,0,PJEPG,NaoConcluso,20385.13,361,2018-10-31 14:27:52,0,
75080,Responsabilidade da Administração,2018-11-26 16:55:52,2018-10-08 23:20:35,1114,796410,1,1,7040581-19.2018.8.22.0001,PJEPG-8,1,0,0,PJEPG,NaoConcluso,411444.64,223,2018-11-28 05:32:26,0,
75081,Adicional de Produtividade,2018-10-16 10:33:46,2018-10-16 10:30:27,436,800991,1,0,7041612-74.2018.8.22.0001,PJEPG-8,0,0,0,PJEPG,NaoConcluso,1186.76,361,2018-10-31 12:53:41,0,
75086,Rescisão,2018-10-16 10:36:00,2018-08-10 10:57:12,436,757513,1,1,7031662-41.2018.8.22.0001,PJEPG-8,0,0,0,PJEPG,Minutar,17163.65,261,2018-11-30 11:06:32,0,
75604,Adicional de Insalubridade,2018-10-16 12:50:20,2018-08-27 00:37:42,436,767837,1,1,7034244-14.2018.8.22.0001,PJEPG-8,0,0,0,PJEPG,Minutar,9052.97,261,2018-11-30 11:06:47,0,
75634,Honorários Advocatícios em Execução Contra a Fazenda Pública,2018-10-16 12:58:07,2018-02-27 19:10:51,1114,650829,1,1,7007286-88.2018.8.22.0001,PJEPG-8,0,0,0,PJEPG,Minutar,1908,223,2018-11-30 11:07:01,0,
75290,Adicional de Produtividade,2018-10-16 11:39:07,2018-08-16 17:15:43,436,761874,1,0,7032727-71.2018.8.22.0001,PJEPG-8,0,0,0,PJEPG,Minutar,6308.26,261,2018-11-30 11:07:05,0,
75291,Adicional de Produtividade,2018-10-16 11:39:12,2018-08-16 17:38:12,436,761901,1,0,7032737-18.2018.8.22.0001,PJEPG-8,0,0,0,PJEPG,Minutar,6308.26,261,2018-11-30 11:07:06,0,
69671,Indenização por Dano Material,2018-10-09 09:19:37,2016-08-19 15:25:56,12078,290878,1,1,7042858-76.2016.8.22.0001,PJEPG-8,0,0,0,PJEPG,Minutar,5435.9,225,2018-11-30 05:20:17,0,
75376,Abono de Permanência,2018-10-16 12:00:31,2018-07-25 11:38:17,436,738410,1,1,7027362-36.2018.8.22.0001,PJEPG-8,0,0,0,PJEPG,Minutar,38000,261,2018-11-30 11:07:26,0,
75378,Adicional de Periculosidade,2018-10-16 12:00:58,2018-08-30 17:26:33,12078,771351,1,0,7035128-43.2018.8.22.0001,PJEPG-8,0,0,0,PJEPG,Minutar,10000,223,2018-11-30 11:07:30,0,
75385,Honorários Advocatícios,2018-10-16 12:02:19,2018-10-16 11:48:34,436,801205,1,1,7041667-25.2018.8.22.0001,PJEPG-8,0,0,0,PJEPG,NaoConcluso,2437,361,2018-10-31 14:23:51,0,
72051,Ressarcimento ao SUS,2018-10-11 11:32:30,2016-05-16 10:51:13,12078,225162,1,1,7025502-68.2016.8.22.0001,PJEPG-8,0,0,0,PJEPG,Minutar,678,221,2018-11-30 03:38:24,0,
72054,Aposentadoria,2018-10-11 11:32:58,2017-07-25 17:05:53,436,457804,1,1,7019593-11.2017.8.22.0001,PJEPG-8,1,0,0,PJEPG,Minutar,1000,62,2018-11-30 03:38:44,0,
72055,Saúde,2018-11-08 09:36:52,2017-06-20 15:26:28,436,487397,1,1,7026695-84.2017.8.22.0001,PJEPG-8,1,1,0,PJEPG,Minutar,937,421,2018-11-30 04:19:14,0,
76465,Adicional de Periculosidade,2018-10-17 10:56:59,2015-02-26 16:46:59,12078,24853,1,1,7003696-54.2015.8.22.0601,PJEPG-8,1,0,0,PJEPG,Minutar,18141.48,221,2018-11-30 11:08:06,0,
76547,Obrigação de Fazer / Não Fazer,2018-10-17 13:48:42,2016-06-14 16:27:12,1114,242178,1,0,7030508-56.2016.8.22.0001,PJEPG-8,0,0,0,PJEPG,Minutar,0,223,2018-11-30 11:08:07,0,
71901,Promoção / Ascensão,2018-11-01 16:38:04,2017-09-13 17:17:31,436,550195,1,0,7040623-05.2017.8.22.0001,PJEPG-8,0,0,0,PJEPG,NaoConcluso,46366.67,262,2018-11-21 12:43:34,0,
71902,Correção Monetária de Diferenças Pagas em Atraso,2018-11-01 16:58:27,2017-11-11 14:22:39,436,585515,1,0,7048823-98.2017.8.22.0001,PJEPG-8,0,0,0,PJEPG,NaoConcluso,55593.2,262,2018-11-20 12:52:32,0,
71903,Promoção / Ascensão,2018-10-26 14:59:16,2017-11-06 11:47:21,436,586264,1,1,7047923-18.2017.8.22.0001,PJEPG-8,0,0,0,PJEPG,NaoConcluso,20218.84,262,2018-11-05 09:27:09,0,
71904,Promoção / Ascensão,2018-10-23 09:09:25,2017-11-08 12:18:02,436,588149,1,1,7048333-76.2017.8.22.0001,PJEPG-8,0,0,0,PJEPG,NaoConcluso,38491.47,262,2018-10-30 08:02:59,0,
71909,Promoção,2018-10-26 14:49:08,2018-04-26 10:22:32,436,690011,1,1,7016533-93.2018.8.22.0001,PJEPG-8,1,0,0,PJEPG,NaoConcluso,44776.88,262,2018-11-05 09:27:11,0,
71994,Promoção / Ascensão,2018-10-23 11:35:12,2018-05-14 15:58:51,436,701209,1,0,7018977-02.2018.8.22.0001,PJEPG-8,0,0,0,PJEPG,NaoConcluso,24919.67,262,2018-10-30 10:38:45,0,
71997,Promoção / Ascensão,2018-10-26 15:02:10,2018-06-22 16:59:03,436,726165,1,1,7024298-18.2018.8.22.0001,PJEPG-8,0,0,0,PJEPG,NaoConcluso,11465.42,262,2018-11-05 09:27:12,0,
71999,Auxílio-Alimentação,2018-10-11 11:18:20,2018-07-12 11:11:34,436,737032,1,0,7026753-53.2018.8.22.0001,PJEPG-8,0,0,0,PJEPG,Minutar,1675.3,261,2018-11-30 03:23:50,0,
72000,Adicional de Produtividade,2018-10-11 11:18:27,2018-08-16 16:27:59,436,761811,1,0,7032703-43.2018.8.22.0001,PJEPG-8,0,0,0,PJEPG,Minutar,6308.26,261,2018-11-30 03:24:00,0,
72001,Adicional de Produtividade,2018-10-11 11:18:31,2018-08-16 17:51:51,436,761918,1,0,7032743-25.2018.8.22.0001,PJEPG-8,0,0,0,PJEPG,Minutar,6308.26,261,2018-11-30 03:24:19,0,
72002,Abono de Permanência,2018-10-11 11:18:36,2018-09-04 12:26:40,436,773781,1,1,7035698-29.2018.8.22.0001,PJEPG-8,0,0,0,PJEPG,Minutar,3782.26,261,2018-11-30 03:24:33,0,
72043,Adicional de Horas Extras,2018-10-11 11:18:47,2018-10-02 11:04:45,1114,791639,1,1,7039464-90.2018.8.22.0001,PJEPG-8,0,0,0,PJEPG,NaoConcluso,6262.56,223,2018-11-23 09:05:21,0,
72044,Auxílio-Alimentação,2018-10-11 11:18:54,2018-10-03 15:59:26,436,792934,1,1,7039707-34.2018.8.22.0001,PJEPG-8,0,0,0,PJEPG,NaoConcluso,5453.71,223,2018-11-28 01:08:31,0,
75551,Auxílio-Alimentação,2018-10-16 12:39:19,2018-08-02 12:34:19,436,751857,1,0,7030405-78.2018.8.22.0001,PJEPG-8,0,0,0,PJEPG,Minutar,14140.95,261,2018-11-30 11:08:26,0,
75552,Hora Extra,2018-10-16 12:39:31,2018-08-16 11:52:30,436,761510,1,0,7032614-20.2018.8.22.0001,PJEPG-8,0,0,0,PJEPG,Minutar,3872.98,261,2018-11-30 11:08:27,0,
75643,Auxílio-Alimentação,2018-10-16 12:59:26,2018-08-03 15:19:02,436,752865,1,0,7030647-37.2018.8.22.0001,PJEPG-8,0,0,0,PJEPG,Minutar,14140.95,261,2018-11-30 11:08:37,0,
75668,Adicional de Insalubridade,2018-10-16 13:01:59,2018-10-16 12:45:03,436,801330,1,1,7041687-16.2018.8.22.0001,PJEPG-8,0,0,0,PJEPG,NaoConcluso,3815.15,361,2018-10-31 15:27:37,0,
75674,Promoção / Ascensão,2018-10-16 13:04:39,2016-10-17 08:38:29,12078,327928,1,0,7053624-91.2016.8.22.0001,PJEPG-8,0,0,0,PJEPG,Minutar,28939.48,223,2018-11-30 11:08:44,0,
75675,Promoção / Ascensão,2018-10-16 13:04:47,2016-10-17 08:50:39,12078,327949,1,0,7053627-46.2016.8.22.0001,PJEPG-8,0,0,0,PJEPG,Minutar,28939.48,223,2018-11-30 11:08:46,0,
75678,IPVA - Imposto Sobre Propriedade de Veículos Automotores,2018-10-16 13:05:40,2017-07-17 13:22:52,436,506831,1,1,7031516-34.2017.8.22.0001,PJEPG-8,1,0,0,PJEPG,Minutar,12341.76,223,2018-11-30 11:08:49,0,
72091,Aplicabilidade,2018-10-11 11:36:01,2018-10-04 12:55:15,12078,793818,1,0,7039911-78.2018.8.22.0001,PJEPG-8,0,0,0,PJEPG,NaoConcluso,11801.36,223,2018-11-28 01:26:54,0,
72092,Adicional de Horas Extras,2018-10-11 11:36:05,2018-10-04 14:40:00,436,793954,1,1,7039942-98.2018.8.22.0001,PJEPG-8,0,0,0,PJEPG,NaoConcluso,9476.22,223,2018-11-23 09:24:29,0,
72093,Adicional de Horas Extras,2018-10-11 11:36:11,2018-10-04 15:26:07,436,794010,1,1,7039963-74.2018.8.22.0001,PJEPG-8,0,0,0,PJEPG,NaoConcluso,48264.21,223,2018-11-23 09:24:32,0,
72094,Licença Prêmio,2018-10-11 11:36:15,2018-10-04 17:46:37,436,794267,1,0,7040053-82.2018.8.22.0001,PJEPG-8,0,0,0,PJEPG,NaoConcluso,19245.23,223,2018-11-28 01:27:04,0,
72690,Adicional de Horas Extras,2018-10-11 17:46:26,2018-10-11 17:43:26,436,798139,1,1,7041288-84.2018.8.22.0001,PJEPG-8,0,0,0,PJEPG,NaoConcluso,57240,361,2018-10-31 14:45:53,0,
74317,Base de Cálculo,2018-10-29 11:47:30,2018-02-17 19:06:58,436,644740,1,1,7005801-53.2018.8.22.0001,PJEPG-8,0,0,0,PJEPG,NaoConcluso,16857.74,262,2018-11-20 14:40:10,0,
74318,Base de Cálculo,2018-10-29 11:49:00,2018-02-20 12:09:47,436,645997,1,1,7006121-06.2018.8.22.0001,PJEPG-8,0,0,0,PJEPG,NaoConcluso,21117.01,262,2018-11-20 14:40:11,0,
74319,Base de Cálculo,2018-10-24 11:02:48,2018-02-23 14:19:58,436,648747,1,1,7006780-15.2018.8.22.0001,PJEPG-8,0,0,0,PJEPG,NaoConcluso,21435.95,262,2018-10-31 12:09:12,0,
74320,Base de Cálculo,2018-11-01 11:38:36,2018-02-23 15:37:12,436,648805,1,1,7006798-36.2018.8.22.0001,PJEPG-8,0,0,0,PJEPG,NaoConcluso,10213.27,262,2018-11-20 13:43:05,0,
74321,Base de Cálculo,2018-10-29 11:45:42,2018-02-23 16:18:01,436,648868,1,1,7006821-79.2018.8.22.0001,PJEPG-8,0,0,0,PJEPG,NaoConcluso,31803.76,262,2018-11-20 14:40:13,0,
74322,Base de Cálculo,2018-10-30 14:31:18,2018-02-23 16:46:19,436,648905,1,1,7006831-26.2018.8.22.0001,PJEPG-8,0,0,0,PJEPG,NaoConcluso,21118.55,262,2018-11-20 14:40:14,0,
74523,Base de Cálculo,2018-11-07 12:51:56,2018-02-23 18:07:48,436,648975,1,1,7006854-69.2018.8.22.0001,PJEPG-8,0,0,0,PJEPG,NaoConcluso,18330.88,262,2018-11-27 05:03:16,0,
74524,Base de Cálculo,2018-10-24 07:42:59,2018-02-23 19:04:49,436,649008,1,1,7006864-16.2018.8.22.0001,PJEPG-8,0,0,0,PJEPG,NaoConcluso,20854.45,262,2018-10-31 14:15:52,0,
74525,Base de Cálculo,2018-10-26 12:11:59,2018-02-23 20:00:49,436,649019,1,1,7006869-38.2018.8.22.0001,PJEPG-8,0,0,0,PJEPG,NaoConcluso,20854.45,262,2018-11-05 09:28:51,0,
74526,Base de Cálculo,2018-11-13 10:38:00,2018-02-24 18:29:11,436,649116,1,1,7006893-66.2018.8.22.0001,PJEPG-8,0,0,0,PJEPG,NaoConcluso,21117.01,262,2018-11-30 07:59:18,0,
74527,Base de Cálculo,2018-11-13 10:41:18,2018-02-25 14:41:56,436,649142,1,1,7006908-35.2018.8.22.0001,PJEPG-8,0,0,0,PJEPG,NaoConcluso,16965.65,262,2018-11-30 08:05:17,0,
74528,Base de Cálculo,2018-11-09 11:29:39,2018-02-25 15:43:57,436,649150,1,1,7006909-20.2018.8.22.0001,PJEPG-8,0,0,0,PJEPG,Minutar,16965.65,223,2018-11-30 03:26:06,0,
74529,Base de Cálculo,2018-10-24 07:43:02,2018-02-26 19:14:05,436,649933,1,1,7007084-14.2018.8.22.0001,PJEPG-8,0,0,0,PJEPG,NaoConcluso,20854.45,262,2018-10-31 14:15:55,0,
74530,Base de Cálculo,2018-10-29 13:59:53,2018-02-28 17:42:32,436,651630,1,1,7007456-60.2018.8.22.0001,PJEPG-8,0,0,0,PJEPG,NaoConcluso,20854.45,262,2018-11-20 14:40:15,0,
74531,Base de Cálculo,2018-11-13 10:40:08,2018-03-05 18:43:33,436,654310,1,1,7008128-68.2018.8.22.0001,PJEPG-8,0,0,0,PJEPG,NaoConcluso,18330.88,262,2018-11-30 08:03:23,0,
74532,Base de Cálculo,2018-11-09 16:25:42,2018-03-10 12:14:20,436,657988,1,1,7008979-10.2018.8.22.0001,PJEPG-8,0,0,0,PJEPG,Minutar,31803.76,223,2018-11-30 11:59:19,0,
74533,Base de Cálculo,2018-10-29 08:19:18,2018-03-12 18:41:49,436,659000,1,1,7009209-52.2018.8.22.0001,PJEPG-8,0,0,0,PJEPG,NaoConcluso,20854.45,262,2018-11-05 09:28:59,0,
74534,Base de Cálculo,2018-11-09 11:25:25,2018-03-13 11:32:23,436,659301,1,0,7009344-64.2018.8.22.0001,PJEPG-8,0,0,0,PJEPG,Minutar,20854.45,223,2018-11-30 03:20:44,0,
76075,Adicional de Produtividade,2018-10-16 17:41:33,2018-10-16 17:35:37,436,801739,1,0,7041769-47.2018.8.22.0001,PJEPG-8,0,0,0,PJEPG,NaoConcluso,1472.32,361,2018-10-31 15:14:19,0,
75401,Honorários Advocatícios em Execução Contra a Fazenda Pública,2018-10-16 12:10:14,2017-10-25 09:49:27,156,575653,1,0,7045697-40.2017.8.22.0001,PJEPG-8,0,0,0,PJEPG,Minutar,10514.41,225,2018-11-30 11:09:49,0,
77307,Anulação,2018-10-18 16:17:24,2016-07-01 12:45:15,436,257470,1,0,7033583-06.2016.8.22.0001,PJEPG-8,1,0,0,PJEPG,Minutar,5000,1,2018-11-30 11:10:23,0,
77321,Adicional de Insalubridade,2018-10-18 16:19:42,2016-11-14 19:53:03,12078,347632,1,1,7058458-40.2016.8.22.0001,PJEPG-8,0,0,0,PJEPG,Minutar,15166.49,1,2018-11-30 11:10:31,0,
68155,Obrigação de Fazer / Não Fazer,2018-10-23 11:42:31,2018-10-05 12:56:32,436,794920,1,1,7040206-18.2018.8.22.0001,PJEPG-8,1,1,0,PJEPG,Minutar,10000,261,2018-11-30 11:10:39,0,
76788,Adicional de Insalubridade,2018-10-18 09:42:25,2015-05-15 09:02:11,12078,41461,1,0,7009455-96.2015.8.22.0601,PJEPG-8,0,0,0,PJEPG,Minutar,14887.1,225,2018-11-30 11:11:01,0,
70137,classe,2018-10-09 13:21:55,2016-04-15 16:13:01,12078,205720,1,1,7019890-52.2016.8.22.0001,PJEPG-8,1,0,0,PJEPG,NaoConcluso,4453.06,223,2018-11-23 10:05:04,0,
71866,Aposentadoria,2018-11-06 13:02:07,2016-08-19 17:08:15,436,291026,1,1,7042894-21.2016.8.22.0001,PJEPG-8,1,1,0,PJEPG,Minutar,34921.99,263,2018-11-30 03:49:36,0,
71872,Obrigação de Fazer / Não Fazer,2018-11-01 09:09:31,2017-06-05 11:07:41,436,469891,1,1,7022283-13.2017.8.22.0001,PJEPG-8,0,0,0,PJEPG,NaoConcluso,0,262,2018-11-20 12:01:40,0,
71873,Indenização por Dano Material,2018-10-11 10:41:02,2017-08-09 21:16:33,436,524619,1,1,7035492-49.2017.8.22.0001,PJEPG-8,0,1,0,PJEPG,Minutar,11090.62,263,2018-11-30 09:25:47,0,
71875,Promoção / Ascensão,2018-11-01 17:23:08,2018-01-12 12:20:58,436,624284,1,1,7000903-94.2018.8.22.0001,PJEPG-8,0,0,0,PJEPG,NaoConcluso,6816.72,262,2018-11-27 11:30:01,0,
72316,classe,2018-10-11 12:33:34,2016-06-20 11:26:45,12078,246035,1,0,7030714-70.2016.8.22.0001,PJEPG-8,0,0,0,PJEPG,Minutar,6555,225,2018-11-30 04:38:40,179,
72320,Servidor Público Civil,2018-10-22 14:36:46,2017-09-16 11:40:00,436,552460,1,1,7041084-74.2017.8.22.0001,PJEPG-8,0,0,0,PJEPG,NaoConcluso,22602.69,262,2018-10-30 05:05:20,0,
71885,Auxílio-Alimentação,2018-10-11 10:43:15,2018-08-02 11:55:56,436,751808,1,0,7030393-64.2018.8.22.0001,PJEPG-8,0,0,0,PJEPG,Minutar,14140.95,261,2018-11-30 09:28:42,0,
71886,Direito de Imagem,2018-10-11 10:43:25,2018-08-05 08:43:34,436,753156,1,1,7030723-61.2018.8.22.0001,PJEPG-8,0,0,0,PJEPG,Minutar,8000,261,2018-11-30 09:28:48,0,
71898,Promoção / Ascensão,2018-10-26 14:50:19,2017-07-10 12:36:33,436,501999,1,0,7030143-65.2017.8.22.0001,PJEPG-8,0,0,0,PJEPG,NaoConcluso,20060.37,262,2018-11-05 09:32:53,0,
71899,Promoção / Ascensão,2018-10-26 14:56:59,2017-08-18 14:55:39,436,531695,1,1,7036908-52.2017.8.22.0001,PJEPG-8,1,0,0,PJEPG,NaoConcluso,14496.24,262,2018-11-05 09:32:55,0,
71915,Promoção / Ascensão,2018-10-25 08:42:01,2018-06-05 18:01:21,436,714988,1,0,7021983-17.2018.8.22.0001,PJEPG-8,0,0,0,PJEPG,NaoConcluso,32988.22,262,2018-10-31 16:50:33,0,
71920,Auxílio-Alimentação,2018-10-11 10:51:55,2018-08-02 12:10:35,436,751831,1,0,7030398-86.2018.8.22.0001,PJEPG-8,0,0,0,PJEPG,Minutar,14140.95,261,2018-11-30 09:39:15,0,
71921,Auxílio-Alimentação,2018-10-11 10:52:03,2018-08-02 13:52:35,436,751905,1,0,7030423-02.2018.8.22.0001,PJEPG-8,0,0,0,PJEPG,Minutar,14140.95,261,2018-11-30 09:39:35,0,
76200,Adicional de Insalubridade,2018-10-16 18:45:41,2017-01-13 16:04:05,12078,379327,1,1,7000694-62.2017.8.22.0001,PJEPG-8,1,0,0,PJEPG,Minutar,18523.14,263,2018-11-30 11:12:27,0,
73770,Adicional de Insalubridade,2018-10-15 10:50:15,2017-02-17 17:31:56,436,400967,1,1,7006250-45.2017.8.22.0001,PJEPG-8,0,0,0,PJEPG,NaoConcluso,17597.59,223,2018-11-23 07:01:51,0,
73771,Base de Cálculo,2018-10-15 10:50:40,2017-05-08 18:04:05,436,455329,1,1,7018970-44.2017.8.22.0001,PJEPG-8,0,0,0,PJEPG,NaoConcluso,22947.97,223,2018-11-28 08:35:06,0,
73772,Adicional de Insalubridade,2018-10-15 10:50:52,2017-07-27 15:18:40,12078,514218,1,0,7033197-39.2017.8.22.0001,PJEPG-8,0,0,0,PJEPG,NaoConcluso,15919.7,223,2018-11-29 12:26:41,0,
73777,Auxílio-Alimentação,2018-10-15 10:52:56,2018-08-02 12:51:40,436,751875,1,0,7030410-03.2018.8.22.0001,PJEPG-8,0,0,0,PJEPG,Minutar,14140.95,261,2018-11-30 11:12:43,0,
73778,Obrigação de Fazer / Não Fazer,2018-10-15 10:53:08,2018-09-04 08:34:04,436,773329,1,1,7035620-35.2018.8.22.0001,PJEPG-8,1,0,0,PJEPG,Minutar,954,261,2018-11-30 11:12:45,0,
73782,Gratificações e Adicionais,2018-10-15 10:54:42,2018-08-28 14:28:38,436,769129,1,1,7034625-22.2018.8.22.0001,PJEPG-8,0,0,0,PJEPG,Minutar,13973.46,261,2018-11-30 11:12:48,0,
73783,Adicional de Periculosidade,2018-10-15 10:54:46,2018-10-10 16:29:02,12078,798316,1,1,7040970-04.2018.8.22.0001,PJEPG-8,1,0,0,PJEPG,Minutar,17284.35,62,2018-11-30 11:12:49,0,
76264,Adicional de Insalubridade,2018-10-16 22:36:25,2018-10-16 22:35:05,436,801852,1,1,7041802-37.2018.8.22.0001,PJEPG-8,0,0,0,PJEPG,NaoConcluso,15234.1,361,2018-10-31 14:42:50,0,
77370,Adicional de Insalubridade,2018-10-18 16:25:28,2017-07-17 11:35:29,12078,506673,1,1,7031481-74.2017.8.22.0001,PJEPG-8,0,0,0,PJEPG,Minutar,16017.44,263,2018-11-30 11:13:17,0,
77373,Adicional de Insalubridade,2018-10-18 16:25:54,2017-07-27 16:08:42,12078,514312,1,0,7033221-67.2017.8.22.0001,PJEPG-8,0,0,0,PJEPG,Minutar,14824.62,263,2018-11-30 11:13:21,0,
77376,Obrigação de Fazer / Não Fazer,2018-10-18 16:26:23,2017-08-09 16:42:39,436,524361,1,1,7035438-83.2017.8.22.0001,PJEPG-8,1,0,0,PJEPG,Minutar,15168.18,1,2018-11-30 11:13:22,0,
73790,Base de Cálculo,2018-10-15 10:59:29,2018-08-15 08:36:29,436,760169,1,1,7032312-88.2018.8.22.0001,PJEPG-8,0,0,0,PJEPG,NaoConcluso,8620.38,262,2018-10-29 14:58:22,0,
73791,Promoção / Ascensão,2018-10-15 11:00:02,2018-10-10 16:37:27,436,798306,1,1,7040975-26.2018.8.22.0001,PJEPG-8,0,0,0,PJEPG,NaoConcluso,20590.53,223,2018-11-28 08:36:16,0,
73794,Adicional de Produtividade,2018-10-15 11:01:17,2016-06-06 19:56:21,12078,238745,1,0,7029052-71.2016.8.22.0001,PJEPG-8,1,0,0,PJEPG,Minutar,3432.44,263,2018-11-30 11:13:47,0,
73795,Licença Prêmio,2018-10-25 09:30:54,2017-03-28 12:20:40,436,425128,1,1,7012130-18.2017.8.22.0001,PJEPG-8,0,0,0,PJEPG,NaoConcluso,37877.64,262,2018-10-31 12:14:38,0,
73797,Auxílio-Alimentação,2018-10-15 11:03:06,2018-08-02 10:51:17,436,751579,1,0,7030370-21.2018.8.22.0001,PJEPG-8,0,0,0,PJEPG,Minutar,14140.95,261,2018-11-30 11:13:52,0,
73798,classe,2018-11-07 11:35:52,2015-11-25 10:27:42,436,117354,1,1,7023932-81.2015.8.22.0001,PJEPG-8,1,1,0,PJEPG,NaoConcluso,1000,262,2018-11-20 14:19:43,0,
73799,Cobrança de Aluguéis - Sem despejo,2018-10-15 11:05:23,2017-09-13 17:54:23,436,550182,1,0,7040637-86.2017.8.22.0001,PJEPG-8,0,1,0,PJEPG,NaoConcluso,11900,262,2018-10-16 22:33:38,0,
73801,Base de Cálculo,2018-10-23 11:31:44,2018-02-07 13:19:51,436,639918,1,1,7004662-66.2018.8.22.0001,PJEPG-8,0,0,0,PJEPG,NaoConcluso,21621.87,262,2018-10-30 10:35:10,0,
73802,Base de Cálculo,2018-10-29 09:06:14,2018-02-09 08:13:57,436,641253,1,1,7005082-71.2018.8.22.0001,PJEPG-8,0,0,0,PJEPG,NaoConcluso,21117.01,262,2018-11-20 14:44:08,0,
73803,Base de Cálculo,2018-11-01 11:37:23,2018-02-10 11:08:14,436,642181,1,1,7005298-32.2018.8.22.0001,PJEPG-8,0,0,0,PJEPG,NaoConcluso,21117.01,262,2018-11-20 13:43:06,0,
73804,classe,2018-11-09 11:08:16,2018-02-10 15:31:14,1451,642216,1,1,7005317-38.2018.8.22.0001,PJEPG-8,0,0,0,PJEPG,Minutar,21117.01,223,2018-11-30 03:00:45,0,
73805,Base de Cálculo,2018-11-13 10:39:33,2018-02-16 11:47:03,436,644163,1,1,7005678-55.2018.8.22.0001,PJEPG-8,0,0,0,PJEPG,NaoConcluso,13766.24,262,2018-11-30 08:02:12,0,
73806,Base de Cálculo,2018-11-09 11:27:42,2018-02-21 18:21:35,436,647407,1,1,7006457-10.2018.8.22.0001,PJEPG-8,0,0,0,PJEPG,Minutar,21117.01,223,2018-11-30 03:23:30,0,
73807,Base de Cálculo,2018-10-29 09:07:23,2018-03-19 15:36:13,436,663934,1,1,7010422-93.2018.8.22.0001,PJEPG-8,0,0,0,PJEPG,NaoConcluso,20854.45,262,2018-11-20 14:44:09,0,
73808,Base de Cálculo,2018-10-25 12:12:51,2018-03-24 11:11:13,436,668001,1,1,7011397-18.2018.8.22.0001,PJEPG-8,0,0,0,PJEPG,NaoConcluso,31803.76,262,2018-05-31 17:44:37,0,
73809,Promoção / Ascensão,2018-10-15 11:11:38,2015-06-24 13:42:27,12078,50159,1,1,7012417-92.2015.8.22.0601,PJEPG-8,0,0,0,PJEPG,Minutar,46158.41,225,2018-11-30 11:13:53,0,
73810,Reajustes de Remuneração Proventos ou Pensão,2018-10-15 11:11:55,2015-09-25 12:22:30,436,82405,1,0,7011287-24.2015.8.22.0001,PJEPG-8,0,1,0,PJEPG,Minutar,38152.12,263,2018-11-30 11:13:54,0,
73814,Gratificação Incorporada / Quintos e Décimos / VPNI,2018-11-08 09:32:49,2017-07-02 12:21:51,436,496745,1,1,7028830-69.2017.8.22.0001,PJEPG-8,0,0,0,PJEPG,NaoConcluso,2018.66,262,2018-11-27 07:12:18,0,
73819,Saúde,2018-10-15 11:15:35,2018-04-25 13:27:56,436,689248,1,1,7016357-17.2018.8.22.0001,PJEPG-8,1,1,0,PJEPG,Minutar,1543.68,263,2018-11-30 11:13:56,0,
73822,Adicional de Insalubridade,2018-10-15 11:16:16,2018-09-13 21:38:03,436,779784,1,0,7037135-08.2018.8.22.0001,PJEPG-8,0,0,0,PJEPG,NaoConcluso,1892.32,223,2018-11-23 07:02:56,0,
74581,Descontos Indevidos,2018-11-01 11:25:21,2016-08-08 11:59:23,436,283180,1,1,7040633-83.2016.8.22.0001,PJEPG-8,1,0,0,PJEPG,NaoConcluso,16020.71,262,2018-11-21 13:35:34,0,
75307,Auxílio-Alimentação,2018-10-16 11:45:47,2018-08-02 14:29:11,436,751922,1,0,7030432-61.2018.8.22.0001,PJEPG-8,0,0,0,PJEPG,Minutar,14140.95,261,2018-11-30 11:14:01,0,
75308,Municipais,2018-10-16 11:45:55,2018-08-08 18:09:18,436,756197,1,0,7031374-93.2018.8.22.0001,PJEPG-8,0,0,0,PJEPG,Minutar,1829.84,261,2018-11-30 11:14:02,0,
75309,Correção Monetária de Diferenças Pagas em Atraso,2018-10-16 11:46:05,2018-08-25 14:14:48,436,767736,1,1,7034207-84.2018.8.22.0001,PJEPG-8,1,0,0,PJEPG,Minutar,17104.19,261,2018-11-30 11:14:07,0,
76746,Obrigação de Fazer / Não Fazer,2018-10-18 07:48:04,2015-07-07 09:50:42,436,52748,1,0,0009364-82.2015.8.22.0001,PJEPG-8,1,0,0,PJEPG,Minutar,10000,261,2018-11-30 11:14:27,0,
77126,Adicional de Insalubridade,2018-10-18 13:48:18,2014-09-04 10:26:10,12078,1911,1,0,0020594-97.2010.8.22.0001,PJEPG-8,0,0,0,PJEPG,Minutar,10000,263,2018-11-30 11:14:39,0,
65267,Adicional de Insalubridade,2018-10-03 11:17:09,2017-10-16 02:43:07,12078,572043,1,1,7045030-54.2017.8.22.0001,PJEPG-8,0,0,0,PJEPG,Minutar,11107.66,263,2018-11-30 08:02:35,0,
72271,FGTS/Fundo de Garantia por Tempo de Serviço,2018-10-11 12:23:57,2018-05-29 11:47:00,1114,709735,1,0,7020774-13.2018.8.22.0001,PJEPG-8,0,0,0,PJEPG,Minutar,1351.91,261,2018-11-30 04:31:26,0,
74535,Base de Cálculo,2018-10-31 13:34:29,2018-03-13 15:11:07,436,659719,1,1,7009406-07.2018.8.22.0001,PJEPG-8,0,0,0,PJEPG,NaoConcluso,20854.45,262,2018-11-20 14:45:09,0,
74536,Base de Cálculo,2018-11-13 08:15:48,2018-03-14 11:59:03,436,660419,1,1,7009565-47.2018.8.22.0001,PJEPG-8,0,0,0,PJEPG,NaoConcluso,34331.71,262,2018-11-27 07:25:01,0,
74537,Adicional de Insalubridade,2018-10-29 10:41:35,2018-03-16 15:22:14,436,662907,1,1,7010126-71.2018.8.22.0001,PJEPG-8,0,0,0,PJEPG,NaoConcluso,20854.45,262,2018-11-20 14:45:13,0,
74538,Base de Cálculo,2018-10-29 14:04:43,2018-03-16 15:59:33,436,662958,1,1,7010147-47.2018.8.22.0001,PJEPG-8,0,0,0,PJEPG,NaoConcluso,20854.45,262,2018-11-20 14:45:14,0,
74539,Base de Cálculo,2018-10-29 15:48:49,2018-03-16 16:18:09,436,662996,1,1,7010156-09.2018.8.22.0001,PJEPG-8,0,0,0,PJEPG,NaoConcluso,20854.45,262,2018-11-20 14:45:15,0,
74540,Base de Cálculo,2018-11-01 11:27:22,2018-03-16 16:48:33,436,663039,1,1,7010168-23.2018.8.22.0001,PJEPG-8,0,0,0,PJEPG,NaoConcluso,20854.45,262,2018-11-20 13:43:09,0,
74541,Base de Cálculo,2018-10-29 11:27:30,2018-03-16 18:05:48,436,663118,1,1,7010191-66.2018.8.22.0001,PJEPG-8,0,0,0,PJEPG,NaoConcluso,15132.73,262,2018-11-20 14:45:16,0,
74542,Base de Cálculo,2018-10-29 14:13:19,2018-03-19 09:30:19,436,663423,1,1,7010305-05.2018.8.22.0001,PJEPG-8,0,0,0,PJEPG,NaoConcluso,20854.45,262,2018-11-20 14:45:18,0,
74543,Base de Cálculo,2018-10-29 09:07:21,2018-03-19 10:31:30,436,663555,1,1,7010334-55.2018.8.22.0001,PJEPG-8,0,0,0,PJEPG,NaoConcluso,20854.45,262,2018-11-20 14:45:19,0,
74544,Base de Cálculo,2018-10-29 08:37:20,2018-03-19 10:45:29,436,663581,1,1,7010340-62.2018.8.22.0001,PJEPG-8,0,0,0,PJEPG,Minutar,20854.45,221,2018-11-30 11:15:16,0,
74545,Base de Cálculo,2018-10-23 11:33:33,2018-03-19 13:17:18,436,663814,1,1,7010382-14.2018.8.22.0001,PJEPG-8,0,0,0,PJEPG,NaoConcluso,20854.45,262,2018-10-30 10:36:54,0,
74546,Base de Cálculo,2018-10-29 10:34:23,2018-03-19 14:11:39,436,663844,1,1,7010396-95.2018.8.22.0001,PJEPG-8,0,0,0,PJEPG,NaoConcluso,20854.45,262,2018-11-20 14:45:25,0,
74547,Base de Cálculo,2018-11-08 14:36:18,2018-03-19 15:18:19,436,663885,1,1,7010409-94.2018.8.22.0001,PJEPG-8,0,0,0,PJEPG,NaoConcluso,20854.45,262,2018-11-27 05:13:34,0,
74548,Base de Cálculo,2018-10-29 10:43:26,2018-03-20 08:00:17,436,664283,1,1,7010516-41.2018.8.22.0001,PJEPG-8,0,0,0,PJEPG,NaoConcluso,16568.65,262,2018-11-20 14:45:26,0,
74549,Base de Cálculo,2018-10-29 09:02:26,2018-03-20 08:12:23,436,664301,1,1,7010519-93.2018.8.22.0001,PJEPG-8,0,0,0,PJEPG,NaoConcluso,16568.65,262,2018-11-20 14:45:27,0,
74550,Base de Cálculo,2018-11-09 11:26:27,2018-03-20 08:28:12,436,664312,1,1,7010524-18.2018.8.22.0001,PJEPG-8,0,0,0,PJEPG,Minutar,16568.65,223,2018-11-30 03:21:59,0,
72394,Indenização por Dano Moral,2018-10-11 14:14:28,2018-10-11 14:12:26,436,799334,1,1,7041192-69.2018.8.22.0001,PJEPG-8,0,0,0,PJEPG,NaoConcluso,34400,361,2018-10-29 16:27:55,0,
75312,Promoção / Ascensão,2018-10-16 11:46:29,2018-10-10 09:56:48,436,797698,1,1,7040863-57.2018.8.22.0001,PJEPG-8,0,0,0,PJEPG,NaoConcluso,36269.69,223,2018-11-28 08:38:15,0,
75315,Adicional de Insalubridade,2018-10-16 11:47:44,2015-07-01 09:49:11,12078,51504,1,1,7012977-34.2015.8.22.0601,PJEPG-8,0,0,0,PJEPG,Minutar,18501.14,223,2018-11-30 11:15:36,0,
75322,classe,2018-10-16 11:50:13,2018-02-09 21:38:40,12078,642115,1,1,7005289-70.2018.8.22.0001,PJEPG-8,0,0,0,PJEPG,Minutar,957,223,2018-11-30 11:15:39,0,
64868,Promoção / Ascensão,2018-10-03 08:02:33,2017-08-27 18:13:59,436,537937,1,0,7038225-85.2017.8.22.0001,PJEPG-8,0,0,0,PJEPG,NaoConcluso,18948.42,262,2018-10-26 07:52:04,0,
77203,Pensão por Morte (Art. 74/9),2018-10-18 14:15:49,2016-12-27 11:59:29,436,372449,1,1,7064699-30.2016.8.22.0001,PJEPG-8,1,0,0,PJEPG,NaoConcluso,25512.6,262,2018-10-30 09:46:41,0,
72533,Adicional de Horas Extras,2018-10-11 16:46:43,2018-10-11 16:44:41,436,799535,1,1,7041247-20.2018.8.22.0001,PJEPG-8,0,0,0,PJEPG,NaoConcluso,15769.98,361,2018-10-29 13:45:02,0,
74551,Base de Cálculo,2018-10-29 11:34:16,2018-03-20 09:25:38,436,664408,1,1,7010546-76.2018.8.22.0001,PJEPG-8,0,0,0,PJEPG,NaoConcluso,11192.97,262,2018-11-20 14:46:21,0,
74552,Base de Cálculo,2018-10-29 10:41:37,2018-03-20 13:08:42,436,664833,1,1,7010651-53.2018.8.22.0001,PJEPG-8,0,0,0,PJEPG,NaoConcluso,20854.45,262,2018-11-20 14:46:24,0,
74553,Base de Cálculo,2018-10-29 11:30:45,2018-03-20 17:25:38,436,665113,1,1,7010721-70.2018.8.22.0001,PJEPG-8,0,0,0,PJEPG,NaoConcluso,20854.45,262,2018-11-20 14:46:28,0,
74554,Base de Cálculo,2018-10-15 18:13:54,2018-03-21 08:29:07,436,665319,1,1,7010770-14.2018.8.22.0001,PJEPG-8,0,0,0,PJEPG,NaoConcluso,20854.45,262,2018-10-16 23:33:50,0,
74555,Base de Cálculo,2018-10-24 08:35:35,2018-03-21 08:40:59,436,665332,1,1,7010772-81.2018.8.22.0001,PJEPG-8,0,0,0,PJEPG,NaoConcluso,20854.45,262,2018-10-31 15:06:10,0,
74556,Base de Cálculo,2018-11-01 11:35:28,2018-03-21 11:17:22,436,665443,1,1,7010815-18.2018.8.22.0001,PJEPG-8,0,0,0,PJEPG,NaoConcluso,20854.45,262,2018-11-20 13:43:10,0,
74557,Base de Cálculo,2018-10-29 11:32:44,2018-03-21 11:50:50,436,665655,1,0,7010836-91.2018.8.22.0001,PJEPG-8,0,0,0,PJEPG,NaoConcluso,20854.45,262,2018-11-21 14:39:08,0,
74558,Base de Cálculo,2018-11-13 10:27:16,2018-03-23 11:02:30,436,667415,1,1,7011253-44.2018.8.22.0001,PJEPG-8,0,0,0,PJEPG,NaoConcluso,20854.45,262,2018-11-30 07:45:02,0,
74559,Base de Cálculo,2018-11-13 10:34:07,2018-03-23 11:27:32,436,667474,1,1,7011263-88.2018.8.22.0001,PJEPG-8,0,0,0,PJEPG,NaoConcluso,20854.45,262,2018-11-30 07:53:31,0,
74560,Base de Cálculo,2018-10-29 10:35:44,2018-03-23 15:45:18,436,667728,1,1,7011336-60.2018.8.22.0001,PJEPG-8,0,0,0,PJEPG,NaoConcluso,20854.45,262,2018-11-20 14:46:31,0,
74561,Base de Cálculo,2018-11-13 08:10:02,2018-03-24 10:36:05,436,668000,1,1,7011395-48.2018.8.22.0001,PJEPG-8,0,0,0,PJEPG,NaoConcluso,20854.45,262,2018-11-27 07:19:19,0,
74562,Base de Cálculo,2018-11-01 11:34:22,2018-03-24 11:58:43,436,668006,1,1,7011400-70.2018.8.22.0001,PJEPG-8,0,0,0,PJEPG,NaoConcluso,31803.76,262,2018-11-20 13:43:12,0,
74563,Base de Cálculo,2018-11-09 13:45:35,2018-03-26 09:33:23,436,668184,1,1,7011429-23.2018.8.22.0001,PJEPG-8,0,0,0,PJEPG,Minutar,31803.76,223,2018-11-30 07:35:59,0,
74564,Base de Cálculo,2018-11-08 15:22:22,2018-03-30 10:22:38,436,671544,1,1,7012204-38.2018.8.22.0001,PJEPG-8,0,0,0,PJEPG,NaoConcluso,13722.88,262,2018-11-27 06:12:47,0,
74565,Correção Monetária de Diferenças Pagas em Atraso,2018-10-23 14:21:47,2018-04-04 16:12:08,436,674148,1,0,7012911-06.2018.8.22.0001,PJEPG-8,1,0,0,PJEPG,NaoConcluso,12326.03,262,2018-10-31 13:22:03,0,
74566,Promoção,2018-10-25 11:58:16,2018-06-02 22:31:17,436,713087,1,0,7021489-55.2018.8.22.0001,PJEPG-8,0,0,0,PJEPG,NaoConcluso,8630.04,262,2018-05-31 17:44:37,0,
74567,Base de Cálculo,2018-11-13 08:11:48,2018-08-13 21:11:06,436,759065,1,1,7032040-94.2018.8.22.0001,PJEPG-8,0,0,0,PJEPG,NaoConcluso,11831.86,262,2018-11-27 07:21:15,0,
74573,Abono de Permanência,2018-11-30 12:42:13,2015-08-18 08:06:09,436,56590,1,1,7000925-60.2015.8.22.0001,PJEPG-8,0,0,0,PJEPG,Minutar,3200,262,2018-11-30 12:42:15,0,
74578,IPVA - Imposto Sobre Propriedade de Veículos Automotores,2018-11-01 11:29:22,2016-02-19 10:01:47,436,166394,1,1,7008477-42.2016.8.22.0001,PJEPG-8,1,0,0,PJEPG,NaoConcluso,10409.31,262,2018-11-23 06:05:36,0,
75324,Execução Contratual,2018-10-16 11:50:27,2018-03-01 14:54:28,12078,652243,1,1,7007586-50.2018.8.22.0001,PJEPG-8,0,0,0,PJEPG,Minutar,957,223,2018-11-30 11:16:45,0,
75332,Base de Cálculo,2018-10-16 11:51:46,2018-08-13 16:04:31,436,758794,1,1,7031957-78.2018.8.22.0001,PJEPG-8,0,0,0,PJEPG,Minutar,18672.75,261,2018-11-30 11:16:46,0,
75333,Hora Extra,2018-10-16 11:52:09,2018-08-16 13:06:37,436,761603,1,0,7032632-41.2018.8.22.0001,PJEPG-8,0,0,0,PJEPG,Minutar,3939.99,261,2018-11-30 11:16:47,0,
75334,Hora Extra,2018-10-16 11:52:15,2018-08-17 11:52:53,436,762456,1,0,7032857-61.2018.8.22.0001,PJEPG-8,0,0,0,PJEPG,Minutar,3410.34,261,2018-11-30 11:16:49,0,
75335,Hora Extra,2018-10-16 11:52:20,2018-08-17 14:35:31,436,762648,1,0,7032897-43.2018.8.22.0001,PJEPG-8,0,0,0,PJEPG,Minutar,3115.85,261,2018-11-30 11:16:50,0,
75336,Hora Extra,2018-10-16 11:52:24,2018-08-17 14:47:10,436,762666,1,0,7032902-65.2018.8.22.0001,PJEPG-8,0,0,0,PJEPG,Minutar,3938.97,261,2018-11-30 11:16:51,0,
76691,Auxílio-Alimentação,2018-10-18 02:03:42,2018-04-03 17:16:42,436,673289,1,1,7012680-76.2018.8.22.0001,PJEPG-8,0,0,0,PJEPG,Minutar,17287.92,261,2018-11-30 11:17:14,0,
76955,Adicional de Produtividade,2018-10-18 12:40:08,2017-05-20 19:57:05,12078,465364,1,0,7021292-37.2017.8.22.0001,PJEPG-8,0,0,0,PJEPG,Minutar,100535.64,1,2018-11-30 11:17:23,0,
77413,Auxílio-Alimentação,2018-10-18 16:30:56,2018-08-15 16:22:48,436,760794,1,0,7032432-34.2018.8.22.0001,PJEPG-8,0,0,0,PJEPG,Minutar,2664.94,261,2018-11-30 11:17:34,0,
77417,Adicional de Produtividade,2018-10-18 16:31:11,2018-08-16 17:58:05,436,761924,1,0,7032747-62.2018.8.22.0001,PJEPG-8,0,0,0,PJEPG,Minutar,6308.26,261,2018-11-30 11:17:35,0,
77421,Municipais,2018-10-18 16:31:38,2018-08-22 18:24:53,436,765833,1,0,7033676-95.2018.8.22.0001,PJEPG-8,0,0,0,PJEPG,Minutar,1301.67,223,2018-11-30 11:17:42,0,
74773,Obrigação de Fazer / Não Fazer,2018-11-23 12:05:19,2018-08-16 15:09:41,436,761716,1,1,7032674-90.2018.8.22.0001,PJEPG-8,0,0,0,PJEPG,Minutar,19000,223,2018-11-30 11:17:48,0,
74774,Defeito nulidade ou anulação,2018-10-16 07:50:07,2018-06-08 11:51:17,436,717566,1,1,7022559-10.2018.8.22.0001,PJEPG-8,1,0,0,PJEPG,Minutar,11808.68,261,2018-11-30 11:17:50,0,
74776,Abono de Permanência,2018-10-16 07:51:29,2017-02-02 10:56:19,436,390189,1,1,7003619-31.2017.8.22.0001,PJEPG-8,0,0,0,PJEPG,NaoConcluso,43010.11,223,2018-11-29 12:31:42,0,
74780,Indenização por Dano Moral,2018-10-16 07:54:05,2018-04-09 15:56:46,436,677058,1,0,7013524-26.2018.8.22.0001,PJEPG-8,0,0,0,PJEPG,Minutar,10000,263,2018-11-30 11:18:00,0,
74784,Indenização por Dano Material,2018-10-16 07:58:50,2017-06-14 12:22:32,436,481383,1,1,7025064-08.2017.8.22.0001,PJEPG-8,0,0,0,PJEPG,Minutar,6000,263,2018-11-30 11:18:01,0,
74788,Perdas e Danos,2018-10-16 08:11:11,2016-08-10 16:10:56,436,285351,1,1,7041200-17.2016.8.22.0001,PJEPG-8,0,0,0,PJEPG,Minutar,2813.22,223,2018-11-30 11:18:02,0,
76790,DIREITO ADMINISTRATIVO E OUTRAS MATÉRIAS DE DIREITO PÚBLICO,2018-10-18 09:47:24,2014-10-22 09:53:37,436,5747,1,1,7004299-64.2014.8.22.0601,PJEPG-8,1,1,0,PJEPG,Minutar,4560,221,2018-11-30 11:18:05,0,
71969,Adicional de Insalubridade,2018-10-11 11:01:40,2018-08-31 00:43:18,436,771490,1,1,7035178-69.2018.8.22.0001,PJEPG-8,0,0,0,PJEPG,Minutar,14441.2,261,2018-11-30 09:51:00,0,
71970,Admissão / Permanência / Despedida,2018-10-11 11:01:49,2018-09-04 16:58:38,436,774106,1,0,7035813-50.2018.8.22.0001,PJEPG-8,0,0,0,PJEPG,NaoConcluso,26447,223,2018-11-23 05:56:17,0,
71971,Enquadramento,2018-10-11 11:01:55,2018-09-12 16:22:56,436,778610,1,1,7036848-45.2018.8.22.0001,PJEPG-8,0,0,0,PJEPG,Minutar,51812.3,261,2018-11-30 09:51:39,0,
71972,Honorários Advocatícios em Execução Contra a Fazenda Pública,2018-10-11 11:02:01,2018-10-01 16:41:23,1114,791169,1,1,7039371-30.2018.8.22.0001,PJEPG-8,0,0,0,PJEPG,NaoConcluso,3800,223,2018-11-23 05:56:34,0,
71973,Adicional de Horas Extras,2018-10-11 11:02:07,2018-10-01 16:13:28,1114,791172,1,1,7039359-16.2018.8.22.0001,PJEPG-8,0,0,0,PJEPG,NaoConcluso,6262.56,223,2018-11-23 05:56:37,0,
71974,Adicional de Horas Extras,2018-10-11 11:02:10,2018-10-01 16:23:17,1114,791187,1,1,7039363-53.2018.8.22.0001,PJEPG-8,0,0,0,PJEPG,NaoConcluso,6262.56,223,2018-11-23 05:56:50,0,
71975,Adicional de Horas Extras,2018-10-11 11:02:13,2018-10-01 16:33:42,1114,791201,1,1,7039368-75.2018.8.22.0001,PJEPG-8,0,0,0,PJEPG,NaoConcluso,6262.56,223,2018-11-28 07:02:32,0,
75808,,2018-10-16 15:33:03,2017-06-28 16:48:25,12078,494477,1,1,7028266-90.2017.8.22.0001,PJEPG-8,0,1,0,PJEPG,Minutar,18805.2,263,2018-11-30 11:18:25,0,
76702,Multas e demais Sanções,2018-10-18 04:59:08,2018-05-29 17:56:48,436,711503,1,0,7021111-02.2018.8.22.0001,PJEPG-8,0,1,0,PJEPG,Minutar,0,261,2018-11-30 11:18:28,0,
71230,Indenização por Dano Moral,2018-10-30 12:35:22,2018-10-30 09:47:09,436,798126,1,0,7040935-44.2018.8.22.0001,PJEPG-8,1,0,0,PJEPG,NaoConcluso,50000,301,2018-11-12 12:44:57,0,
72425,,2018-11-26 09:33:12,2018-06-28 08:38:16,12078,728858,1,1,7024918-30.2018.8.22.0001,PJEPG-8,1,1,0,PJEPG,Minutar,48360,263,2018-11-30 09:50:43,0,
74789,Auxílio-Alimentação,2018-10-16 08:11:29,2018-04-03 18:33:23,436,673384,1,1,7012698-97.2018.8.22.0001,PJEPG-8,0,0,0,PJEPG,Minutar,17287.92,261,2018-11-30 11:18:41,0,
74793,Adicional de Insalubridade,2018-10-16 08:12:29,2018-08-30 17:33:04,436,771280,1,1,7035133-65.2018.8.22.0001,PJEPG-8,0,0,0,PJEPG,Minutar,14109.11,261,2018-11-30 11:18:42,0,
74794,Adicional de Insalubridade,2018-10-16 08:12:51,2018-09-06 17:14:03,436,775864,1,1,7036239-62.2018.8.22.0001,PJEPG-8,0,0,0,PJEPG,Minutar,16043.75,261,2018-11-30 11:18:43,0,
77298,Promoção / Ascensão,2018-10-18 16:15:32,2016-03-09 18:35:42,12078,180149,1,1,7012495-09.2016.8.22.0001,PJEPG-8,0,0,0,PJEPG,Minutar,51845,1,2018-11-30 11:19:17,0,
65297,Adicional de Periculosidade,2018-10-03 11:20:26,2015-02-27 17:22:35,1114,25096,1,0,7003794-39.2015.8.22.0601,PJEPG-8,0,0,0,PJEPG,NaoConcluso,20575.08,223,2018-11-23 04:43:41,0,
65298,,2018-10-03 11:20:54,2015-09-22 11:33:28,12078,83055,1,1,7011484-76.2015.8.22.0001,PJEPG-8,0,0,0,PJEPG,Minutar,28735,263,2018-11-30 08:10:37,0,
69094,Fornecimento de Medicamentos,2018-10-08 14:03:29,2018-09-10 09:37:13,436,776257,1,1,7036360-90.2018.8.22.0001,PJEPG-8,1,0,0,PJEPG,Minutar,16000,261,2018-11-30 05:25:04,0,
65307,Adicional de Periculosidade,2018-10-03 11:24:45,2015-11-11 18:43:28,1114,110921,1,0,7021799-66.2015.8.22.0001,PJEPG-8,0,0,0,PJEPG,Minutar,52800,225,2018-11-30 08:17:26,0,
65308,Cargo em Comissão,2018-10-03 11:25:06,2016-09-21 13:05:04,12078,264278,1,1,7035699-82.2016.8.22.0001,PJEPG-8,0,0,0,PJEPG,Minutar,15183.19,263,2018-11-30 08:18:01,0,
64848,Curso de Formação,2018-10-25 08:41:04,2017-03-13 18:59:30,436,414670,1,0,7009593-49.2017.8.22.0001,PJEPG-8,1,0,0,PJEPG,NaoConcluso,1000,262,2018-10-31 16:49:45,0,
66760,Adicional de Periculosidade,2018-10-16 11:29:24,2018-10-09 08:27:19,436,794084,1,0,7040012-18.2018.8.22.0001,PJEPG-8,0,0,0,PJEPG,NaoConcluso,60000,223,2018-11-23 07:07:40,0,
71824,Pagamento em Pecúnia,2018-10-11 10:19:25,2017-09-06 11:06:13,436,545893,1,0,7039796-91.2017.8.22.0001,PJEPG-8,0,1,0,PJEPG,Minutar,12460,261,2018-11-30 08:47:07,0,
71825,Acidente de Trânsito,2018-10-11 10:20:30,2014-10-17 12:06:20,436,5217,1,1,7003919-41.2014.8.22.0601,PJEPG-8,0,1,0,PJEPG,Minutar,9000,225,2018-11-30 08:48:22,0,
71829,Fornecimento de Medicamentos,2018-10-11 10:25:11,2018-10-05 07:48:30,436,794388,1,1,7040091-94.2018.8.22.0001,PJEPG-8,1,1,0,PJEPG,NaoConcluso,954,301,2018-10-23 17:40:15,0,
71844,Competência Tributária,2018-10-11 10:36:57,2018-08-10 10:47:15,436,756611,1,0,7031658-04.2018.8.22.0001,PJEPG-8,0,1,0,PJEPG,Minutar,11751.02,261,2018-11-30 09:20:46,0,
67074,Pensão,2018-10-05 07:59:12,2017-04-17 09:43:33,436,412528,1,1,7008969-97.2017.8.22.0001,PJEPG-8,1,0,0,PJEPG,NaoConcluso,4373.13,261,2018-10-11 08:50:20,0,
71655,Adicional de Insalubridade,2018-10-11 09:01:25,2017-12-02 21:20:30,436,605495,1,0,7051733-98.2017.8.22.0001,PJEPG-8,0,0,0,PJEPG,NaoConcluso,51193.94,263,2018-10-11 09:01:25,0,
72447,Alimentação,2018-10-11 15:13:50,2016-02-17 10:21:51,156,164422,1,1,7007886-80.2016.8.22.0001,PJEPG-8,0,0,0,PJEPG,NaoConcluso,7513.57,223,2018-11-23 05:35:47,0,
72449,Base de Cálculo,2018-10-11 15:15:10,2018-09-12 16:30:58,436,778578,1,1,7036851-97.2018.8.22.0001,PJEPG-8,0,0,0,PJEPG,Minutar,12250.03,261,2018-11-30 09:24:05,0,
72452,,2018-10-11 15:20:49,2016-03-29 12:29:38,12078,178715,1,1,7012066-42.2016.8.22.0001,PJEPG-8,0,0,0,PJEPG,Minutar,20000,263,2018-11-30 09:31:39,0,
72453,Irredutibilidade de Vencimentos,2018-10-11 15:21:59,2017-04-26 16:33:44,12078,447092,1,1,7017011-38.2017.8.22.0001,PJEPG-8,1,0,0,PJEPG,Minutar,21072.83,225,2018-11-30 09:33:15,0,
69510,Saúde,2018-11-26 11:41:36,2018-09-26 17:10:17,436,788238,1,1,7038785-90.2018.8.22.0001,PJEPG-8,1,0,0,PJEPG,Minutar,954,261,2018-11-30 12:25:34,0,
71629,Perdas e Danos,2018-10-11 08:28:35,2017-06-09 09:44:44,436,432023,1,1,7013873-63.2017.8.22.0001,PJEPG-8,0,0,0,PJEPG,Minutar,30000,261,2018-11-30 05:53:01,0,
71632,Inclusão de Dependente,2018-10-11 08:30:23,2017-06-14 10:51:51,436,463280,1,1,7020811-74.2017.8.22.0001,PJEPG-8,1,1,0,PJEPG,NaoConcluso,19445.88,223,2018-11-01 09:55:02,0,
72149,Obrigação de Fazer / Não Fazer,2018-10-11 11:49:43,2015-02-20 09:42:31,436,23488,1,1,7003199-40.2015.8.22.0601,PJEPG-8,0,0,0,PJEPG,Minutar,100,66,2018-11-30 04:00:49,0,
72454,Adicional de Insalubridade,2018-10-11 15:23:21,2018-08-08 18:44:59,436,756220,1,0,7031376-63.2018.8.22.0001,PJEPG-8,0,0,0,PJEPG,Minutar,27258.37,261,2018-11-30 09:35:55,0,
72460,Promoção / Ascensão,2018-10-23 14:19:13,2018-05-31 10:39:51,436,712520,1,1,7021351-88.2018.8.22.0001,PJEPG-8,0,0,0,PJEPG,NaoConcluso,22374.08,262,2018-10-30 07:41:43,0,
72462,Promoção / Ascensão,2018-10-30 14:28:57,2018-05-30 18:02:51,436,712444,1,1,7021321-53.2018.8.22.0001,PJEPG-8,0,0,0,PJEPG,NaoConcluso,20539.64,262,2018-11-20 14:49:47,0,
70107,Aplicabilidade,2018-11-22 08:25:30,2018-10-11 08:06:42,156,796979,1,1,7040705-02.2018.8.22.0001,PJEPG-8,1,0,0,PJEPG,Minutar,10582.99,261,2018-11-30 13:09:27,0,
65384,1/3 de férias,2018-10-03 11:50:02,2018-08-03 15:53:58,436,752907,1,1,7030658-66.2018.8.22.0001,PJEPG-8,1,0,0,PJEPG,Minutar,29406,261,2018-11-30 08:45:13,0,
65387,Atos Administrativos,2018-11-01 11:37:28,2018-06-27 08:50:08,436,728248,1,1,7024804-91.2018.8.22.0001,PJEPG-8,0,0,0,PJEPG,NaoConcluso,7401.47,262,2018-11-21 13:35:39,0,
65389,Saúde,2018-10-03 11:51:41,2018-08-06 18:00:05,436,754004,1,1,7030899-40.2018.8.22.0001,PJEPG-8,1,0,0,PJEPG,Minutar,954,261,2018-11-30 08:47:02,0,
65416,Abono de Permanência,2018-10-03 12:00:19,2018-08-25 17:34:15,436,767761,1,1,7034216-46.2018.8.22.0001,PJEPG-8,0,1,0,PJEPG,Minutar,12960.53,261,2018-11-30 09:13:46,0,
66041,Promoção / Ascensão,2018-10-04 08:45:39,2017-08-20 19:00:10,436,532192,1,0,7037049-71.2017.8.22.0001,PJEPG-8,0,0,0,PJEPG,Minutar,6905.13,101,2018-11-30 03:28:43,0,
65425,Posse e Exercício,2018-10-03 12:04:54,2018-05-25 10:26:11,436,708699,1,1,7020622-62.2018.8.22.0001,PJEPG-8,1,0,0,PJEPG,Minutar,1000,261,2018-11-30 09:18:11,0,
65439,Liquidação / Cumprimento / Execução,2018-10-03 12:22:15,2018-09-18 18:54:13,1114,782706,1,1,7037677-26.2018.8.22.0001,PJEPG-8,0,0,0,PJEPG,Minutar,8281.05,101,2018-11-30 09:44:21,0,
65463,1/3 de férias,2018-10-29 11:35:29,2017-08-08 19:41:39,436,523027,1,1,7035216-18.2017.8.22.0001,PJEPG-8,0,0,0,PJEPG,NaoConcluso,42765.88,262,2018-11-20 14:49:49,0,
65467,Abono de Permanência,2018-10-03 12:25:19,2018-08-29 17:25:28,436,770246,1,1,7034900-68.2018.8.22.0001,PJEPG-8,0,0,0,PJEPG,Minutar,9945.02,261,2018-11-30 09:48:20,0,
65699,Obrigação de Fazer / Não Fazer,2018-10-08 12:14:50,2018-10-05 08:24:31,7,792875,1,1,7039700-42.2018.8.22.0001,PJEPG-8,1,1,0,PJEPG,NaoConcluso,10000,301,2018-10-10 15:57:06,18,
70693,,2018-10-10 08:05:18,2015-05-05 09:53:41,12078,39129,1,1,0003134-04.2014.8.22.0601,PJEPG-8,1,0,0,PJEPG,NaoConcluso,4000,223,2018-11-23 10:21:18,0,
65552,Licenciamento de Veículo,2018-11-01 09:26:41,2016-10-17 18:31:28,436,328756,1,1,7053790-26.2016.8.22.0001,PJEPG-8,0,0,0,PJEPG,NaoConcluso,0,262,2018-11-20 12:01:48,0,
69380,Adicional de Periculosidade,2018-10-08 17:45:24,2015-03-04 10:10:46,12078,26058,1,1,7004116-59.2015.8.22.0601,PJEPG-8,1,0,0,PJEPG,Minutar,14352,221,2018-11-30 03:55:13,0,
71830,Licença Prêmio,2018-10-11 10:26:58,2018-10-04 18:04:08,436,794303,1,0,7040057-22.2018.8.22.0001,PJEPG-8,0,1,0,PJEPG,NaoConcluso,23006.44,223,2018-11-05 07:56:02,0,
71832,Descontos Indevidos,2018-10-11 10:28:17,2018-08-08 13:53:26,436,755065,1,0,7031298-69.2018.8.22.0001,PJEPG-8,0,1,0,PJEPG,Minutar,25153.68,261,2018-11-30 09:12:33,0,
71838,Saúde,2018-11-13 11:15:08,2018-05-04 13:53:44,436,694960,1,1,7017614-77.2018.8.22.0001,PJEPG-8,1,0,0,PJEPG,Minutar,954,301,2018-11-30 08:57:42,0,
71840,Obrigação de Fazer / Não Fazer,2018-10-11 10:30:11,2018-09-04 09:34:58,436,773428,1,1,7035639-41.2018.8.22.0001,PJEPG-8,1,0,0,PJEPG,NaoConcluso,954,301,2018-10-31 16:51:54,0,
71849,Adicional de Insalubridade,2018-11-23 07:26:48,2018-09-18 14:47:53,436,782276,1,1,7037607-09.2018.8.22.0001,PJEPG-8,0,1,0,PJEPG,Minutar,10816.2,66,2018-11-30 12:00:39,0,
71850,Adicional de Serviço Noturno,2018-10-11 10:52:44,2018-10-01 15:32:45,1114,791093,1,1,7039349-69.2018.8.22.0001,PJEPG-8,0,0,0,PJEPG,NaoConcluso,6262.56,301,2018-10-31 11:50:45,0,
71851,Base de Cálculo,2018-10-11 10:52:47,2018-10-01 15:40:26,436,791127,1,1,7039352-24.2018.8.22.0001,PJEPG-8,0,0,0,PJEPG,NaoConcluso,17655.21,223,2018-11-27 02:50:21,0,
71852,Base de Cálculo,2018-10-11 10:52:52,2018-10-01 15:57:19,436,791139,1,1,7039356-61.2018.8.22.0001,PJEPG-8,0,0,0,PJEPG,NaoConcluso,21120.85,223,2018-11-28 06:50:35,0,
71853,Adicional de Serviço Noturno,2018-10-11 10:52:59,2018-10-01 16:03:03,1114,791155,1,1,7039357-46.2018.8.22.0001,PJEPG-8,0,0,0,PJEPG,NaoConcluso,6262.56,223,2018-11-23 05:48:11,0,
71854,Adicional de Periculosidade,2018-10-11 10:53:03,2018-10-01 16:13:05,436,791163,1,1,7039358-31.2018.8.22.0001,PJEPG-8,0,0,0,PJEPG,NaoConcluso,19960.38,223,2018-11-23 05:48:28,0,
65716,Adicional de Periculosidade,2018-10-03 16:07:20,2015-03-05 16:04:36,12078,26522,1,1,7004273-32.2015.8.22.0601,PJEPG-8,1,0,0,PJEPG,Minutar,19231.02,221,2018-11-30 09:50:23,0,
64903,Licença Prêmio,2018-10-03 08:29:31,2017-06-07 10:05:48,12078,478468,1,1,7024083-76.2017.8.22.0001,PJEPG-8,1,0,0,PJEPG,Minutar,10186.8,225,2018-11-30 03:29:53,0,
64908,Adicional de Insalubridade,2018-10-03 08:31:38,2017-05-29 16:41:57,436,471827,1,1,7022712-77.2017.8.22.0001,PJEPG-8,1,0,0,PJEPG,Minutar,11458.95,225,2018-11-30 03:31:38,0,
64914,Obrigação de Fazer / Não Fazer,2018-10-03 08:36:07,2018-08-14 17:05:53,436,759852,1,1,7032237-49.2018.8.22.0001,PJEPG-8,1,0,0,PJEPG,NaoConcluso,8000,301,2018-10-08 06:53:36,0,
64923,Causas Supervenientes à Sentença,2018-10-03 08:41:13,2017-02-17 17:02:15,1114,399264,1,1,7006073-81.2017.8.22.0001,PJEPG-8,0,0,0,PJEPG,NaoConcluso,9869.6,223,2018-11-05 04:46:39,0,
66416,Obrigação de Fazer / Não Fazer,2018-10-04 12:00:21,2017-09-26 11:58:44,436,498102,1,1,7029216-02.2017.8.22.0001,PJEPG-8,1,0,0,PJEPG,Minutar,20000,261,2018-11-30 09:08:56,0,
63358,Indenização por Dano Material,2018-11-13 14:38:34,2018-11-13 12:57:39,7,304558,1,1,7046852-15.2016.8.22.0001,PJEPG-8,0,0,0,PJEPG,Minutar,35429.9,223,2018-11-30 13:04:38,0,
72262,Adicional de Insalubridade,2018-10-11 12:21:00,2018-07-17 22:50:02,436,740192,1,1,7027814-46.2018.8.22.0001,PJEPG-8,0,0,0,PJEPG,NaoConcluso,3250.62,223,2018-11-28 02:12:32,0,
66055,Gratificação,2018-10-04 09:05:21,2018-02-06 16:04:55,12079,639160,1,1,7004452-15.2018.8.22.0001,PJEPG-8,0,0,0,PJEPG,Minutar,14082.67,101,2018-11-30 03:57:10,0,
66714,Adicional de Periculosidade,2018-10-16 14:44:22,2018-10-08 16:43:02,436,793956,1,0,7039973-21.2018.8.22.0001,PJEPG-8,0,0,0,PJEPG,Minutar,60000,223,2018-11-30 11:20:01,0,
72301,Perdas e Danos,2018-11-20 19:26:27,2018-10-05 12:33:21,436,794874,1,1,7040201-93.2018.8.22.0001,PJEPG-8,1,0,0,PJEPG,Minutar,9239.53,261,2018-11-30 07:30:08,0,
72347,Licença Prêmio,2018-10-11 12:38:27,2018-07-26 18:17:53,436,747175,1,1,7029316-20.2018.8.22.0001,PJEPG-8,0,0,0,PJEPG,Minutar,6190.59,261,2018-11-30 04:43:00,0,
72348,Adicional de Periculosidade,2018-11-23 09:04:58,2018-10-05 14:46:54,436,794998,1,1,7040217-47.2018.8.22.0001,PJEPG-8,1,0,0,PJEPG,Minutar,18764.85,261,2018-11-30 03:24:21,0,
72734,Gratificação Complementar de Vencimento,2018-10-11 18:25:54,2014-10-07 18:51:46,12078,4139,1,0,7003201-44.2014.8.22.0601,PJEPG-8,1,0,0,PJEPG,Minutar,3000,263,2018-11-30 06:54:59,0,
72732,Promoção / Ascensão,2018-10-23 14:34:01,2017-09-12 16:10:49,436,549052,1,0,7040401-37.2017.8.22.0001,PJEPG-8,0,0,0,PJEPG,NaoConcluso,2975.32,262,2018-10-31 13:34:03,0,
72738,Adicional de Insalubridade,2018-10-11 18:30:54,2018-09-13 21:48:20,436,779785,1,0,7037136-90.2018.8.22.0001,PJEPG-8,0,0,0,PJEPG,NaoConcluso,6392.32,223,2018-11-28 04:12:00,0,
72796,Adicional de Insalubridade,2018-11-12 09:04:54,2018-10-13 01:06:23,436,799773,1,1,7041329-51.2018.8.22.0001,PJEPG-8,0,0,0,PJEPG,Minutar,5016.92,223,2018-11-30 06:50:50,0,
72897,Promoção,2018-10-15 07:59:03,2017-06-27 16:16:24,436,493147,1,1,7027988-89.2017.8.22.0001,PJEPG-8,0,0,0,PJEPG,Minutar,9336.45,261,2018-11-30 11:20:16,0,
72901,Indenização por Dano Moral,2018-10-15 08:01:46,2016-04-04 12:39:51,436,165764,1,1,7009263-86.2016.8.22.0001,PJEPG-8,0,0,0,PJEPG,Minutar,50000,224,2018-11-30 11:20:27,0,
73184,Adicional de Etapa Alimentar,2018-10-15 09:21:45,2018-08-02 14:27:04,436,751593,1,1,7030430-91.2018.8.22.0001,PJEPG-8,0,0,0,PJEPG,Minutar,14140.95,261,2018-11-30 11:20:34,0,
73185,Auxílio-Alimentação,2018-11-23 11:34:06,2018-08-03 15:42:15,436,752893,1,0,7030655-14.2018.8.22.0001,PJEPG-8,0,0,0,PJEPG,Minutar,14140.95,261,2018-11-30 11:20:37,0,
73187,Adicional de Insalubridade,2018-10-15 09:22:12,2018-09-05 13:19:30,436,774751,1,1,7035925-19.2018.8.22.0001,PJEPG-8,0,0,0,PJEPG,NaoConcluso,37952.4,223,2018-11-28 08:43:38,0,
73189,Aplicabilidade,2018-11-29 08:05:16,2018-10-04 11:57:16,12078,793710,1,0,7039875-36.2018.8.22.0001,PJEPG-8,0,0,0,PJEPG,Minutar,11801.36,223,2018-11-30 06:30:12,0,
73190,Aplicabilidade,2018-11-23 12:23:10,2018-10-04 12:54:09,12078,793852,1,0,7039910-93.2018.8.22.0001,PJEPG-8,0,0,0,PJEPG,Minutar,13133.9,223,2018-11-30 11:20:45,0,
73191,Adicional de Horas Extras,2018-10-15 09:22:41,2018-10-04 15:13:05,436,793992,1,1,7039955-97.2018.8.22.0001,PJEPG-8,0,0,0,PJEPG,NaoConcluso,48364.21,223,2018-11-23 07:08:33,0,
73192,Adicional de Insalubridade,2018-10-15 09:22:55,2018-10-04 17:54:28,436,794270,1,1,7040055-52.2018.8.22.0001,PJEPG-8,0,0,0,PJEPG,NaoConcluso,10816.2,223,2018-11-23 07:08:34,0,
73194,Pós-Graduação,2018-10-15 09:23:20,2018-10-05 12:15:09,436,794829,1,1,7040195-86.2018.8.22.0001,PJEPG-8,0,0,0,PJEPG,NaoConcluso,14150.07,223,2018-11-28 08:43:45,0,
64996,Irredutibilidade de Vencimentos,2018-10-03 09:21:50,2018-08-24 12:55:09,436,767285,1,1,7034054-51.2018.8.22.0001,PJEPG-8,0,0,0,PJEPG,Minutar,51376.22,261,2018-11-30 04:30:42,0,
71126,Piso Salarial,2018-10-10 12:18:19,2016-04-01 11:34:28,12078,195660,1,1,7016995-21.2016.8.22.0001,PJEPG-8,0,0,0,PJEPG,Minutar,6909.77,221,2018-11-30 04:10:20,0,
71366,Inscrição Indevida no CADIN,2018-11-20 18:03:27,2018-11-19 15:48:29,7,367301,1,1,7063526-68.2016.8.22.0001,PJEPG-8,1,0,0,PJEPG,Minutar,8000,301,2018-11-30 05:32:18,0,
63695,Saúde,2018-11-27 08:46:20,2017-11-03 14:53:51,436,585491,1,1,7047725-78.2017.8.22.0001,PJEPG-8,1,0,0,PJEPG,NaoConcluso,937,262,2018-11-27 08:46:24,0,
72705,Adicional de Horas Extras,2018-10-11 17:48:50,2018-10-11 17:46:01,436,799650,1,1,7041290-54.2018.8.22.0001,PJEPG-8,0,0,0,PJEPG,NaoConcluso,39364.55,361,2018-10-31 14:48:42,0,
72742,Correção Monetária de Diferenças Pagas em Atraso,2018-10-23 14:20:55,2017-11-27 14:33:38,436,599261,1,0,7050641-85.2017.8.22.0001,PJEPG-8,1,0,0,PJEPG,NaoConcluso,10457.01,262,2018-10-31 13:21:10,0,
72763,,2018-10-11 18:38:49,2016-04-19 23:27:56,12078,207991,1,1,7020626-70.2016.8.22.0001,PJEPG-8,0,0,0,PJEPG,Minutar,30000,225,2018-11-30 07:14:47,0,
72765,Promoção / Ascensão,2018-10-11 18:40:10,2016-03-24 17:27:51,12078,191465,1,1,7015636-36.2016.8.22.0001,PJEPG-8,0,0,0,PJEPG,Minutar,34563.87,225,2018-11-30 07:16:53,0,
72767,Rescisão,2018-10-11 18:41:38,2018-09-11 11:23:43,436,776629,1,1,7036566-07.2018.8.22.0001,PJEPG-8,0,0,0,PJEPG,NaoConcluso,2300,223,2018-11-23 04:04:59,0,
72795,Adicional de Insalubridade,2018-11-12 09:06:59,2018-10-13 00:22:53,436,799772,1,1,7041328-66.2018.8.22.0001,PJEPG-8,0,0,0,PJEPG,Minutar,17912.39,223,2018-11-30 06:55:39,0,
72866,Acidente de Trânsito,2018-10-13 15:03:09,2018-10-13 15:00:55,1114,799812,1,1,7041334-73.2018.8.22.0001,PJEPG-8,0,0,0,PJEPG,NaoConcluso,10105,361,2018-10-31 15:46:18,0,
72891,Obrigação de Fazer / Não Fazer,2018-10-15 07:46:59,2018-09-03 12:32:14,436,772912,1,1,7035490-45.2018.8.22.0001,PJEPG-8,1,1,0,PJEPG,NaoConcluso,954,301,2018-10-25 15:06:14,0,
71576,Indenização por Dano Material,2018-10-11 08:06:33,2017-02-21 15:42:57,436,402897,1,1,7006660-06.2017.8.22.0001,PJEPG-8,0,0,0,PJEPG,Minutar,30614,263,2018-11-30 05:13:10,0,
71946,Adicional de Produtividade,2018-10-11 11:06:52,2017-09-29 17:11:18,12078,563326,1,1,7043308-82.2017.8.22.0001,PJEPG-8,0,0,0,PJEPG,Minutar,6481.07,263,2018-11-30 10:00:40,0,
71947,Promoção / Ascensão,2018-10-23 11:36:46,2017-11-08 12:27:30,436,588162,1,1,7048337-16.2017.8.22.0001,PJEPG-8,0,0,0,PJEPG,NaoConcluso,33789.95,262,2018-10-30 10:40:19,0,
71948,Promoção / Ascensão,2018-10-29 08:06:13,2017-12-11 14:59:25,436,610601,1,1,7052837-28.2017.8.22.0001,PJEPG-8,0,0,0,PJEPG,NaoConcluso,14951.41,262,2018-11-05 09:46:22,0,
67486,Adicional de Periculosidade,2018-10-05 11:07:33,2018-05-25 16:12:05,1114,709280,1,0,7020699-71.2018.8.22.0001,PJEPG-8,0,0,0,PJEPG,Minutar,14465.48,225,2018-11-30 04:26:54,0,
76219,Adicional de Insalubridade,2018-11-26 07:42:00,2018-10-16 23:11:50,436,801856,1,1,7041807-59.2018.8.22.0001,PJEPG-8,0,0,0,PJEPG,Minutar,15230.7,261,2018-11-30 07:29:30,0,
76284,Honorários Advocatícios em Execução Contra a Fazenda Pública,2018-10-17 00:18:51,2018-10-17 00:16:41,1114,801860,1,0,7041812-81.2018.8.22.0001,PJEPG-8,0,0,0,PJEPG,NaoConcluso,408.38,361,2018-10-31 16:16:05,0,
74176,Adicional de Horas Extras,2018-10-15 14:55:11,2018-10-15 14:49:22,436,800390,1,1,7041469-85.2018.8.22.0001,PJEPG-8,0,0,0,PJEPG,NaoConcluso,57240,361,2018-10-31 12:30:02,0,
74431,Adicional de Produtividade,2018-10-15 17:14:09,2018-10-15 17:09:09,436,800573,1,0,7041513-07.2018.8.22.0001,PJEPG-8,0,0,0,PJEPG,NaoConcluso,14868.78,361,2018-10-31 14:45:51,0,
74443,Adicional de Produtividade,2018-10-15 17:19:57,2018-10-15 17:17:34,436,800596,1,0,7041515-74.2018.8.22.0001,PJEPG-8,0,0,0,PJEPG,NaoConcluso,19031.13,361,2018-10-31 14:50:54,0,
64887,Honorários Profissionais,2018-10-03 08:23:48,2018-08-03 11:20:37,12078,752610,1,1,7030580-72.2018.8.22.0001,PJEPG-8,0,0,0,PJEPG,Minutar,5500,225,2018-11-30 10:18:02,0,
64888,Adicional de Periculosidade,2018-10-03 08:24:57,2015-10-17 17:11:53,12078,97748,1,1,7017130-67.2015.8.22.0001,PJEPG-8,0,0,0,PJEPG,Minutar,2243.4,225,2018-11-30 03:24:47,0,
64889,Adicional de Insalubridade,2018-10-03 08:25:21,2016-08-25 00:44:08,12078,294094,1,1,7043790-64.2016.8.22.0001,PJEPG-8,0,0,0,PJEPG,Minutar,13058.65,225,2018-11-30 03:25:18,0,
64893,Adicional de Periculosidade,2018-10-03 08:26:36,2017-05-25 21:22:30,12078,469736,1,0,7022220-85.2017.8.22.0001,PJEPG-8,0,0,0,PJEPG,Minutar,54000,225,2018-11-30 03:26:36,0,
64899,Base de Cálculo,2018-11-20 18:19:25,2018-09-11 17:56:11,436,777820,1,1,7036665-74.2018.8.22.0001,PJEPG-8,0,0,0,PJEPG,Minutar,5243.82,261,2018-11-30 06:01:03,0,
64937,Promoção / Ascensão,2018-10-03 08:50:54,2015-10-22 16:51:45,12078,100759,1,1,7018148-26.2015.8.22.0001,PJEPG-8,0,0,0,PJEPG,Minutar,47643.76,225,2018-11-30 04:00:02,0,
64981,,2018-10-03 09:09:12,2018-07-16 16:42:55,12078,739151,1,1,7027552-96.2018.8.22.0001,PJEPG-8,0,0,0,PJEPG,Minutar,16896.02,225,2018-11-30 04:17:11,0,
67812,Irredutibilidade de Vencimentos,2018-10-26 12:51:30,2018-06-29 11:13:38,12078,729899,1,1,7025164-26.2018.8.22.0001,PJEPG-8,0,0,0,PJEPG,Minutar,6528.39,224,2018-11-30 11:21:39,0,
72030,Promoção / Ascensão,2018-10-26 14:49:01,2017-08-24 12:38:15,436,536259,1,1,7037893-21.2017.8.22.0001,PJEPG-8,1,0,0,PJEPG,NaoConcluso,23691.71,262,2018-11-05 09:47:13,0,
72031,Promoção / Ascensão,2018-10-26 14:59:15,2017-08-24 14:06:11,436,536378,1,1,7037908-87.2017.8.22.0001,PJEPG-8,1,0,0,PJEPG,NaoConcluso,12806.62,262,2018-11-05 09:47:14,0,
72033,Atos Administrativos,2018-10-25 08:39:52,2017-10-11 09:17:07,436,570271,1,1,7044673-74.2017.8.22.0001,PJEPG-8,0,0,0,PJEPG,NaoConcluso,56220,262,2018-10-31 16:48:45,0,
72036,Promoção / Ascensão,2018-11-01 17:22:58,2017-11-07 09:55:32,436,587003,1,1,7048063-52.2017.8.22.0001,PJEPG-8,0,0,0,PJEPG,NaoConcluso,56220,262,2018-11-27 11:30:02,0,
72037,Correção Monetária de Diferenças Pagas em Atraso,2018-10-23 08:18:29,2017-11-27 15:08:39,436,599290,1,0,7050648-77.2017.8.22.0001,PJEPG-8,1,0,0,PJEPG,NaoConcluso,11407.21,262,2018-10-30 07:16:36,0,
73680,Gratificação Complementar de Vencimento,2018-10-15 10:48:29,2018-10-09 21:13:47,436,797522,1,0,7040815-98.2018.8.22.0001,PJEPG-8,0,0,0,PJEPG,NaoConcluso,2332.2,223,2018-11-23 07:09:16,0,
74393,Gestante / Adotante / Paternidade,2018-10-15 16:59:02,2017-02-17 11:42:38,436,400001,1,1,7006170-81.2017.8.22.0001,PJEPG-8,1,0,0,PJEPG,Minutar,25696.04,261,2018-11-30 11:21:44,0,
74455,Adicional de Periculosidade,2018-10-15 17:29:16,2017-12-27 01:17:44,436,618752,1,1,7054552-08.2017.8.22.0001,PJEPG-8,1,0,0,PJEPG,NaoConcluso,55072.41,262,2018-10-30 09:38:49,0,
74456,Base de Cálculo,2018-11-19 08:39:58,2018-02-12 16:27:53,436,642453,1,1,7005358-05.2018.8.22.0001,PJEPG-8,0,0,0,PJEPG,NaoConcluso,21435.95,262,2018-11-27 03:51:30,0,
74457,Base de Cálculo,2018-11-13 09:06:04,2018-02-19 20:22:05,436,645469,1,1,7005988-61.2018.8.22.0001,PJEPG-8,0,0,0,PJEPG,NaoConcluso,19922.35,262,2018-11-30 05:54:41,0,
