id,id_parte_legado,tipo_parte,tipo_polo,id_pessoa,id_processo
1,2,ATIVO,A,1,81
2,3,ATIVO,A,1,82
3,4,ATIVO,A,1,281
4,5,ATIVO,A,1,282
5,6,ATIVO,A,1,283
6,7,ATIVO,A,1,321
7,8,ATIVO,A,1,401
8,9,ATIVO,A,1,402
9,10,ATIVO,A,1,261
10,11,ATIVO,A,1,421
11,12,ATIVO,A,1,61
12,13,ATIVO,A,1,121
13,14,ATIVO,A,1,122
14,15,ATIVO,A,1,141
15,16,ATIVO,A,1,301
16,17,ATIVO,A,1,922
17,18,ATIVO,A,1,923
18,19,ATIVO,A,1,924
19,20,ATIVO,A,1,925
20,21,ATIVO,A,1,926
21,22,ATIVO,A,1,927
22,23,ATIVO,A,1,928
23,24,ATIVO,A,1,929
24,25,ATIVO,A,1,930
25,26,ATIVO,A,1,931
26,27,ATIVO,A,1,932
27,28,ATIVO,A,1,933
28,29,ATIVO,A,1,934
29,30,ATIVO,A,1,1001
30,31,ATIVO,A,1,1002
31,32,ATIVO,A,1,101
32,33,ATIVO,A,1,161
33,34,ATIVO,A,1,162
34,35,ATIVO,A,1,381
35,36,ATIVO,A,1,382
36,37,ATIVO,A,1,383
37,38,ATIVO,A,1,921
38,39,ATIVO,A,1,1021
39,40,ATIVO,A,1,1022
40,41,ATIVO,A,1,1023
41,42,ATIVO,A,1,1024
42,43,ATIVO,A,1,1025
43,44,ATIVO,A,1,361
44,45,ATIVO,A,1,501
45,46,ATIVO,A,1,1003
46,47,ATIVO,A,1,1005
47,48,ATIVO,A,1,9978
48,49,ATIVO,A,1,11510
49,50,ATIVO,A,1,11054
50,51,ATIVO,A,1,18894
51,52,ATIVO,A,1,16468
52,53,ATIVO,A,1,14075
53,54,ATIVO,A,1,18338
54,55,ATIVO,A,1,13239
55,56,ATIVO,A,1,22756
56,57,ATIVO,A,1,14110
57,58,ATIVO,A,1,14426
58,59,ATIVO,A,1,17131
59,60,ATIVO,A,1,17893
60,61,ATIVO,A,1,14721
61,62,ATIVO,A,1,18022
62,63,ATIVO,A,1,22505
63,64,ATIVO,A,1,15594
64,65,ATIVO,A,1,21198
65,66,ATIVO,A,1,21725
66,67,ATIVO,A,1,16572
67,68,ATIVO,A,1,12369
68,69,ATIVO,A,1,17242
69,70,ATIVO,A,1,19302
70,71,ATIVO,A,1,25648
71,72,ATIVO,A,1,35207
72,73,ATIVO,A,1,1004
73,74,ATIVO,A,1,43557
74,75,ATIVO,A,1,45121
75,76,ATIVO,A,1,45619
76,77,ATIVO,A,1,42496
77,78,ATIVO,A,1,44831
78,79,ATIVO,A,1,59720
79,80,ATIVO,A,1,34547
80,81,ATIVO,A,1,45703
81,82,ATIVO,A,1,45147
82,83,ATIVO,A,1,44870
83,84,ATIVO,A,1,34106
84,85,ATIVO,A,1,67479
85,86,ATIVO,A,1,71043
86,87,ATIVO,A,1,72746
87,88,ATIVO,A,1,72751
88,89,ATIVO,A,1,72803
89,90,ATIVO,A,1,73706
90,91,ATIVO,A,1,73713
91,92,ATIVO,A,1,73716
92,93,ATIVO,A,1,73720
93,94,ATIVO,A,1,73725
94,95,ATIVO,A,1,66187
95,96,ATIVO,A,1,64874
96,97,ATIVO,A,1,70044
97,98,ATIVO,A,1,75572
98,99,ATIVO,A,1,75690
99,100,ATIVO,A,1,73767
100,101,ATIVO,A,1,74768
101,102,ATIVO,A,1,74889
102,103,ATIVO,A,1,63745
103,104,ATIVO,A,1,69314
104,105,ATIVO,A,1,64876
105,106,ATIVO,A,1,69127
106,107,ATIVO,A,1,69385
107,108,ATIVO,A,1,70531
108,109,ATIVO,A,1,72218
109,110,ATIVO,A,1,74849
110,111,ATIVO,A,1,74854
111,112,ATIVO,A,1,74859
112,113,ATIVO,A,1,74591
113,114,ATIVO,A,1,74592
114,115,ATIVO,A,1,74595
115,116,ATIVO,A,1,74596
116,117,ATIVO,A,1,74604
117,118,ATIVO,A,1,74606
118,119,ATIVO,A,1,74607
119,120,ATIVO,A,1,74608
120,121,ATIVO,A,1,74609
121,122,ATIVO,A,1,74612
122,123,ATIVO,A,1,74613
123,124,ATIVO,A,1,74614
124,125,ATIVO,A,1,74616
125,126,ATIVO,A,1,74617
126,127,ATIVO,A,1,74618
127,128,ATIVO,A,1,74619
128,129,ATIVO,A,1,74620
129,130,ATIVO,A,1,74622
130,131,ATIVO,A,1,74623
131,132,ATIVO,A,1,74628
132,133,ATIVO,A,1,74629
133,134,ATIVO,A,1,67674
134,135,ATIVO,A,1,68549
135,136,ATIVO,A,1,69991
136,137,ATIVO,A,1,71813
137,138,ATIVO,A,1,75100
138,139,ATIVO,A,1,75568
139,140,ATIVO,A,1,75569
140,141,ATIVO,A,1,75570
141,142,ATIVO,A,1,75571
142,143,ATIVO,A,1,74070
143,144,ATIVO,A,1,74087
144,145,ATIVO,A,1,74093
145,146,ATIVO,A,1,70911
146,147,ATIVO,A,1,74631
147,148,ATIVO,A,1,74632
148,149,ATIVO,A,1,74635
149,150,ATIVO,A,1,74638
150,151,ATIVO,A,1,74639
151,152,ATIVO,A,1,74641
152,153,ATIVO,A,1,74659
153,154,ATIVO,A,1,75096
154,155,ATIVO,A,1,75104
155,156,ATIVO,A,1,66342
156,157,ATIVO,A,1,69778
157,158,ATIVO,A,1,72269
158,159,ATIVO,A,1,72859
159,160,ATIVO,A,1,74111
160,161,ATIVO,A,1,74115
161,162,ATIVO,A,1,67026
162,163,ATIVO,A,1,71529
163,164,ATIVO,A,1,72429
164,165,ATIVO,A,1,72488
165,166,ATIVO,A,1,73737
166,167,ATIVO,A,1,73738
167,168,ATIVO,A,1,73739
168,169,ATIVO,A,1,73740
169,170,ATIVO,A,1,73741
170,171,ATIVO,A,1,73744
171,172,ATIVO,A,1,73749
172,173,ATIVO,A,1,73756
173,174,ATIVO,A,1,73757
174,175,ATIVO,A,1,73758
175,176,ATIVO,A,1,73763
176,177,ATIVO,A,1,71929
177,178,ATIVO,A,1,71933
178,179,ATIVO,A,1,71936
179,180,ATIVO,A,1,71688
180,181,ATIVO,A,1,72944
181,182,ATIVO,A,1,74892
182,183,ATIVO,A,1,74930
183,184,ATIVO,A,1,71192
184,185,ATIVO,A,1,72668
185,186,ATIVO,A,1,74193
186,187,ATIVO,A,1,74875
187,188,ATIVO,A,1,74876
188,189,ATIVO,A,1,67368
189,190,ATIVO,A,1,67623
190,191,ATIVO,A,1,72239
191,192,ATIVO,A,1,72274
192,193,ATIVO,A,1,72275
193,194,ATIVO,A,1,72277
194,195,ATIVO,A,1,72303
195,196,ATIVO,A,1,72306
196,197,ATIVO,A,1,72307
197,198,ATIVO,A,1,69071
198,199,ATIVO,A,1,71118
199,200,ATIVO,A,1,71992
200,201,ATIVO,A,1,72858
201,202,ATIVO,A,1,75362
202,203,ATIVO,A,1,66573
203,204,ATIVO,A,1,66580
204,205,ATIVO,A,1,66581
205,206,ATIVO,A,1,70328
206,207,ATIVO,A,1,72090
207,208,ATIVO,A,1,75579
208,209,ATIVO,A,1,72916
209,210,ATIVO,A,1,74311
210,211,ATIVO,A,1,75080
211,212,ATIVO,A,1,75081
212,213,ATIVO,A,1,75086
213,214,ATIVO,A,1,75604
214,215,ATIVO,A,1,75634
215,216,ATIVO,A,1,75290
216,217,ATIVO,A,1,75291
217,218,ATIVO,A,1,69671
218,219,ATIVO,A,1,75376
219,220,ATIVO,A,1,75378
220,221,ATIVO,A,1,75385
221,222,ATIVO,A,1,72051
222,223,ATIVO,A,1,72054
223,224,ATIVO,A,1,72055
224,225,ATIVO,A,1,76465
225,226,ATIVO,A,1,76547
226,227,ATIVO,A,1,71901
227,228,ATIVO,A,1,71902
228,229,ATIVO,A,1,71903
229,230,ATIVO,A,1,71904
230,231,ATIVO,A,1,71909
231,232,ATIVO,A,1,71994
232,233,ATIVO,A,1,71997
233,234,ATIVO,A,1,71999
234,235,ATIVO,A,1,72000
235,236,ATIVO,A,1,72001
236,237,ATIVO,A,1,72002
237,238,ATIVO,A,1,72043
238,239,ATIVO,A,1,72044
239,240,ATIVO,A,1,75551
240,241,ATIVO,A,1,75552
241,242,ATIVO,A,1,75643
242,243,ATIVO,A,1,75668
243,244,ATIVO,A,1,75674
244,245,ATIVO,A,1,75675
245,246,ATIVO,A,1,75678
246,247,ATIVO,A,1,72091
247,248,ATIVO,A,1,72092
248,249,ATIVO,A,1,72093
249,250,ATIVO,A,1,72094
250,251,ATIVO,A,1,72690
251,252,ATIVO,A,1,74317
252,253,ATIVO,A,1,74318
253,254,ATIVO,A,1,74319
254,255,ATIVO,A,1,74320
255,256,ATIVO,A,1,74321
256,257,ATIVO,A,1,74322
257,258,ATIVO,A,1,74523
258,259,ATIVO,A,1,74524
259,260,ATIVO,A,1,74525
260,261,ATIVO,A,1,74526
261,262,ATIVO,A,1,74527
262,263,ATIVO,A,1,74528
263,264,ATIVO,A,1,74529
264,265,ATIVO,A,1,74530
265,266,ATIVO,A,1,74531
266,267,ATIVO,A,1,74532
267,268,ATIVO,A,1,74533
268,269,ATIVO,A,1,74534
269,270,ATIVO,A,1,76075
270,271,ATIVO,A,1,75401
271,272,ATIVO,A,1,77307
272,273,ATIVO,A,1,77321
273,274,ATIVO,A,1,68155
274,275,ATIVO,A,1,76788
275,276,ATIVO,A,1,70137
276,277,ATIVO,A,1,71866
277,278,ATIVO,A,1,71872
278,279,ATIVO,A,1,71873
279,280,ATIVO,A,1,71875
280,281,ATIVO,A,1,72316
281,282,ATIVO,A,1,72320
282,283,ATIVO,A,1,71885
283,284,ATIVO,A,1,71886
284,285,ATIVO,A,1,71898
285,286,ATIVO,A,1,71899
286,287,ATIVO,A,1,71915
287,288,ATIVO,A,1,71920
288,289,ATIVO,A,1,71921
289,290,ATIVO,A,1,76200
290,291,ATIVO,A,1,73770
291,292,ATIVO,A,1,73771
292,293,ATIVO,A,1,73772
293,294,ATIVO,A,1,73777
294,295,ATIVO,A,1,73778
295,296,ATIVO,A,1,73782
296,297,ATIVO,A,1,73783
297,298,ATIVO,A,1,76264
298,299,ATIVO,A,1,77370
299,300,ATIVO,A,1,77373
300,301,ATIVO,A,1,77376
301,302,ATIVO,A,1,73790
302,303,ATIVO,A,1,73791
303,304,ATIVO,A,1,73794
304,305,ATIVO,A,1,73795
305,306,ATIVO,A,1,73797
306,307,ATIVO,A,1,73798
307,308,ATIVO,A,1,73799
308,309,ATIVO,A,1,73801
309,310,ATIVO,A,1,73802
310,311,ATIVO,A,1,73803
311,312,ATIVO,A,1,73804
312,313,ATIVO,A,1,73805
313,314,ATIVO,A,1,73806
314,315,ATIVO,A,1,73807
315,316,ATIVO,A,1,73808
316,317,ATIVO,A,1,73809
317,318,ATIVO,A,1,73810
318,319,ATIVO,A,1,73814
319,320,ATIVO,A,1,73819
320,321,ATIVO,A,1,73822
321,322,ATIVO,A,1,74581
322,323,ATIVO,A,1,75307
323,324,ATIVO,A,1,75308
324,325,ATIVO,A,1,75309
325,326,ATIVO,A,1,76746
326,327,ATIVO,A,1,77126
327,328,ATIVO,A,1,65267
328,329,ATIVO,A,1,72271
329,330,ATIVO,A,1,74535
330,331,ATIVO,A,1,74536
331,332,ATIVO,A,1,74537
332,333,ATIVO,A,1,74538
333,334,ATIVO,A,1,74539
334,335,ATIVO,A,1,74540
335,336,ATIVO,A,1,74541
336,337,ATIVO,A,1,74542
337,338,ATIVO,A,1,74543
338,339,ATIVO,A,1,74544
339,340,ATIVO,A,1,74545
340,341,ATIVO,A,1,74546
341,342,ATIVO,A,1,74547
342,343,ATIVO,A,1,74548
343,344,ATIVO,A,1,74549
344,345,ATIVO,A,1,74550
345,346,ATIVO,A,1,72394
346,347,ATIVO,A,1,75312
347,348,ATIVO,A,1,75315
348,349,ATIVO,A,1,75322
349,350,ATIVO,A,1,64868
350,351,ATIVO,A,1,77203
351,352,ATIVO,A,1,72533
352,353,ATIVO,A,1,74551
353,354,ATIVO,A,1,74552
354,355,ATIVO,A,1,74553
355,356,ATIVO,A,1,74554
356,357,ATIVO,A,1,74555
357,358,ATIVO,A,1,74556
358,359,ATIVO,A,1,74557
359,360,ATIVO,A,1,74558
360,361,ATIVO,A,1,74559
361,362,ATIVO,A,1,74560
362,363,ATIVO,A,1,74561
363,364,ATIVO,A,1,74562
364,365,ATIVO,A,1,74563
365,366,ATIVO,A,1,74564
366,367,ATIVO,A,1,74565
367,368,ATIVO,A,1,74566
368,369,ATIVO,A,1,74567
369,370,ATIVO,A,1,74573
370,371,ATIVO,A,1,74578
371,372,ATIVO,A,1,75324
372,373,ATIVO,A,1,75332
373,374,ATIVO,A,1,75333
374,375,ATIVO,A,1,75334
375,376,ATIVO,A,1,75335
376,377,ATIVO,A,1,75336
377,378,ATIVO,A,1,76691
378,379,ATIVO,A,1,76955
379,380,ATIVO,A,1,77413
380,381,ATIVO,A,1,77417
381,382,ATIVO,A,1,77421
382,383,ATIVO,A,1,74773
383,384,ATIVO,A,1,74774
384,385,ATIVO,A,1,74776
385,386,ATIVO,A,1,74780
386,387,ATIVO,A,1,74784
387,388,ATIVO,A,1,74788
388,389,ATIVO,A,1,76790
389,390,ATIVO,A,1,71969
390,391,ATIVO,A,1,71970
391,392,ATIVO,A,1,71971
392,393,ATIVO,A,1,71972
393,394,ATIVO,A,1,71973
394,395,ATIVO,A,1,71974
395,396,ATIVO,A,1,71975
396,397,ATIVO,A,1,75808
397,398,ATIVO,A,1,76702
398,399,ATIVO,A,1,71230
399,400,ATIVO,A,1,72425
400,401,ATIVO,A,1,74789
401,402,ATIVO,A,1,74793
402,403,ATIVO,A,1,74794
403,404,ATIVO,A,1,77298
404,405,ATIVO,A,1,65297
405,406,ATIVO,A,1,65298
406,407,ATIVO,A,1,69094
407,408,ATIVO,A,1,65307
408,409,ATIVO,A,1,65308
409,410,ATIVO,A,1,64848
410,411,ATIVO,A,1,66760
411,412,ATIVO,A,1,71824
412,413,ATIVO,A,1,71825
413,414,ATIVO,A,1,71829
414,415,ATIVO,A,1,71844
415,416,ATIVO,A,1,67074
416,417,ATIVO,A,1,71655
417,418,ATIVO,A,1,72447
418,419,ATIVO,A,1,72449
419,420,ATIVO,A,1,72452
420,421,ATIVO,A,1,72453
421,422,ATIVO,A,1,69510
422,423,ATIVO,A,1,71629
423,424,ATIVO,A,1,71632
424,425,ATIVO,A,1,72149
425,426,ATIVO,A,1,72454
426,427,ATIVO,A,1,72460
427,428,ATIVO,A,1,72462
428,429,ATIVO,A,1,70107
429,430,ATIVO,A,1,65384
430,431,ATIVO,A,1,65387
431,432,ATIVO,A,1,65389
432,433,ATIVO,A,1,65416
433,434,ATIVO,A,1,66041
434,435,ATIVO,A,1,65425
435,436,ATIVO,A,1,65439
436,437,ATIVO,A,1,65463
437,438,ATIVO,A,1,65467
438,439,ATIVO,A,1,65699
439,440,ATIVO,A,1,70693
440,441,ATIVO,A,1,65552
441,442,ATIVO,A,1,69380
442,443,ATIVO,A,1,71830
443,444,ATIVO,A,1,71832
444,445,ATIVO,A,1,71838
445,446,ATIVO,A,1,71840
446,447,ATIVO,A,1,71849
447,448,ATIVO,A,1,71850
448,449,ATIVO,A,1,71851
449,450,ATIVO,A,1,71852
450,451,ATIVO,A,1,71853
451,452,ATIVO,A,1,71854
452,453,ATIVO,A,1,65716
453,454,ATIVO,A,1,64903
454,455,ATIVO,A,1,64908
455,456,ATIVO,A,1,64914
456,457,ATIVO,A,1,64923
457,458,ATIVO,A,1,66416
458,459,ATIVO,A,1,63358
459,460,ATIVO,A,1,72262
460,461,ATIVO,A,1,66055
461,462,ATIVO,A,1,66714
462,463,ATIVO,A,1,72301
463,464,ATIVO,A,1,72347
464,465,ATIVO,A,1,72348
465,466,ATIVO,A,1,72734
466,467,ATIVO,A,1,72732
467,468,ATIVO,A,1,72738
468,469,ATIVO,A,1,72796
469,470,ATIVO,A,1,72897
470,471,ATIVO,A,1,72901
471,472,ATIVO,A,1,73184
472,473,ATIVO,A,1,73185
473,474,ATIVO,A,1,73187
474,475,ATIVO,A,1,73189
475,476,ATIVO,A,1,73190
476,477,ATIVO,A,1,73191
477,478,ATIVO,A,1,73192
478,479,ATIVO,A,1,73194
479,480,ATIVO,A,1,64996
480,481,ATIVO,A,1,71126
481,482,ATIVO,A,1,71366
482,483,ATIVO,A,1,63695
483,484,ATIVO,A,1,72705
484,485,ATIVO,A,1,72742
485,486,ATIVO,A,1,72763
486,487,ATIVO,A,1,72765
487,488,ATIVO,A,1,72767
488,489,ATIVO,A,1,72795
489,490,ATIVO,A,1,72866
490,491,ATIVO,A,1,72891
491,492,ATIVO,A,1,71576
492,493,ATIVO,A,1,71946
493,494,ATIVO,A,1,71947
494,495,ATIVO,A,1,71948
495,496,ATIVO,A,1,67486
496,497,ATIVO,A,1,76219
497,498,ATIVO,A,1,76284
498,499,ATIVO,A,1,74176
499,500,ATIVO,A,1,74431
500,501,ATIVO,A,1,74443
501,502,ATIVO,A,1,64887
502,503,ATIVO,A,1,64888
503,504,ATIVO,A,1,64889
504,505,ATIVO,A,1,64893
505,506,ATIVO,A,1,64899
506,507,ATIVO,A,1,64937
507,508,ATIVO,A,1,64981
508,509,ATIVO,A,1,67812
509,510,ATIVO,A,1,72030
510,511,ATIVO,A,1,72031
511,512,ATIVO,A,1,72033
512,513,ATIVO,A,1,72036
513,514,ATIVO,A,1,72037
514,515,ATIVO,A,1,73680
515,516,ATIVO,A,1,74393
516,517,ATIVO,A,1,74455
517,518,ATIVO,A,1,74456
518,519,ATIVO,A,1,74457
519,520,ADVOGADO,A,2,81
520,521,ADVOGADO,A,2,82
521,522,ADVOGADO,A,2,281
522,523,ADVOGADO,A,2,282
523,524,ADVOGADO,A,2,283
524,525,ADVOGADO,A,2,321
525,526,ADVOGADO,A,2,401
526,527,ADVOGADO,A,2,402
527,528,ADVOGADO,A,2,261
528,529,ADVOGADO,A,2,421
529,530,ADVOGADO,A,2,61
530,531,ADVOGADO,A,2,121
531,532,ADVOGADO,A,2,122
532,533,ADVOGADO,A,2,141
533,534,ADVOGADO,A,2,301
534,535,ADVOGADO,A,2,922
535,536,ADVOGADO,A,2,923
536,537,ADVOGADO,A,2,924
537,538,ADVOGADO,A,2,925
538,539,ADVOGADO,A,2,926
539,540,ADVOGADO,A,2,927
540,541,ADVOGADO,A,2,928
541,542,ADVOGADO,A,2,929
542,543,ADVOGADO,A,2,930
543,544,ADVOGADO,A,2,931
544,545,ADVOGADO,A,2,932
545,546,ADVOGADO,A,2,933
546,547,ADVOGADO,A,2,934
547,548,ADVOGADO,A,2,1001
548,549,ADVOGADO,A,2,1002
549,550,ADVOGADO,A,2,101
550,551,ADVOGADO,A,2,161
551,552,ADVOGADO,A,2,162
552,553,ADVOGADO,A,2,381
553,554,ADVOGADO,A,2,382
554,555,ADVOGADO,A,2,383
555,556,ADVOGADO,A,2,921
556,557,ADVOGADO,A,2,1021
557,558,ADVOGADO,A,2,1022
558,559,ADVOGADO,A,2,1023
559,560,ADVOGADO,A,2,1024
560,561,ADVOGADO,A,2,1025
561,562,ADVOGADO,A,2,361
562,563,ADVOGADO,A,2,501
563,564,ADVOGADO,A,2,1003
564,565,ADVOGADO,A,2,1005
565,566,ADVOGADO,A,2,9978
566,567,ADVOGADO,A,2,11510
567,568,ADVOGADO,A,2,11054
568,569,ADVOGADO,A,2,18894
569,570,ADVOGADO,A,2,16468
570,571,ADVOGADO,A,2,14075
571,572,ADVOGADO,A,2,18338
572,573,ADVOGADO,A,2,13239
573,574,ADVOGADO,A,2,22756
574,575,ADVOGADO,A,2,14110
575,576,ADVOGADO,A,2,14426
576,577,ADVOGADO,A,2,17131
577,578,ADVOGADO,A,2,17893
578,579,ADVOGADO,A,2,14721
579,580,ADVOGADO,A,2,18022
580,581,ADVOGADO,A,2,22505
581,582,ADVOGADO,A,2,15594
582,583,ADVOGADO,A,2,21198
583,584,ADVOGADO,A,2,21725
584,585,ADVOGADO,A,2,16572
585,586,ADVOGADO,A,2,12369
586,587,ADVOGADO,A,2,17242
587,588,ADVOGADO,A,2,19302
588,589,ADVOGADO,A,2,25648
589,590,ADVOGADO,A,2,35207
590,591,ADVOGADO,A,2,1004
591,592,ADVOGADO,A,2,43557
592,593,ADVOGADO,A,2,45121
593,594,ADVOGADO,A,2,45619
594,595,ADVOGADO,A,2,42496
595,596,ADVOGADO,A,2,44831
596,597,ADVOGADO,A,2,59720
597,598,ADVOGADO,A,2,34547
598,599,ADVOGADO,A,2,45703
599,600,ADVOGADO,A,2,45147
600,601,ADVOGADO,A,2,44870
601,602,ADVOGADO,A,2,34106
602,603,ADVOGADO,A,2,67479
603,604,ADVOGADO,A,2,71043
604,605,ADVOGADO,A,2,72746
605,606,ADVOGADO,A,2,72751
606,607,ADVOGADO,A,2,72803
607,608,ADVOGADO,A,2,73706
608,609,ADVOGADO,A,2,73713
609,610,ADVOGADO,A,2,73716
610,611,ADVOGADO,A,2,73720
611,612,ADVOGADO,A,2,73725
612,613,ADVOGADO,A,2,66187
613,614,ADVOGADO,A,2,64874
614,615,ADVOGADO,A,2,70044
615,616,ADVOGADO,A,2,75572
616,617,ADVOGADO,A,2,75690
617,618,ADVOGADO,A,2,73767
618,619,ADVOGADO,A,2,74768
619,620,ADVOGADO,A,2,74889
620,621,ADVOGADO,A,2,63745
621,622,ADVOGADO,A,2,69314
622,623,ADVOGADO,A,2,64876
623,624,ADVOGADO,A,2,69127
624,625,ADVOGADO,A,2,69385
625,626,ADVOGADO,A,2,70531
626,627,ADVOGADO,A,2,72218
627,628,ADVOGADO,A,2,74849
628,629,ADVOGADO,A,2,74854
629,630,ADVOGADO,A,2,74859
630,631,ADVOGADO,A,2,74591
631,632,ADVOGADO,A,2,74592
632,633,ADVOGADO,A,2,74595
633,634,ADVOGADO,A,2,74596
634,635,ADVOGADO,A,2,74604
635,636,ADVOGADO,A,2,74606
636,637,ADVOGADO,A,2,74607
637,638,ADVOGADO,A,2,74608
638,639,ADVOGADO,A,2,74609
639,640,ADVOGADO,A,2,74612
640,641,ADVOGADO,A,2,74613
641,642,ADVOGADO,A,2,74614
642,643,ADVOGADO,A,2,74616
643,644,ADVOGADO,A,2,74617
644,645,ADVOGADO,A,2,74618
645,646,ADVOGADO,A,2,74619
646,647,ADVOGADO,A,2,74620
647,648,ADVOGADO,A,2,74622
648,649,ADVOGADO,A,2,74623
649,650,ADVOGADO,A,2,74628
650,651,ADVOGADO,A,2,74629
651,652,ADVOGADO,A,2,67674
652,653,ADVOGADO,A,2,68549
653,654,ADVOGADO,A,2,69991
654,655,ADVOGADO,A,2,71813
655,656,ADVOGADO,A,2,75100
656,657,ADVOGADO,A,2,75568
657,658,ADVOGADO,A,2,75569
658,659,ADVOGADO,A,2,75570
659,660,ADVOGADO,A,2,75571
660,661,ADVOGADO,A,2,74070
661,662,ADVOGADO,A,2,74087
662,663,ADVOGADO,A,2,74093
663,664,ADVOGADO,A,2,70911
664,665,ADVOGADO,A,2,74631
665,666,ADVOGADO,A,2,74632
666,667,ADVOGADO,A,2,74635
667,668,ADVOGADO,A,2,74638
668,669,ADVOGADO,A,2,74639
669,670,ADVOGADO,A,2,74641
670,671,ADVOGADO,A,2,74659
671,672,ADVOGADO,A,2,75096
672,673,ADVOGADO,A,2,75104
673,674,ADVOGADO,A,2,66342
674,675,ADVOGADO,A,2,69778
675,676,ADVOGADO,A,2,72269
676,677,ADVOGADO,A,2,72859
677,678,ADVOGADO,A,2,74111
678,679,ADVOGADO,A,2,74115
679,680,ADVOGADO,A,2,67026
680,681,ADVOGADO,A,2,71529
681,682,ADVOGADO,A,2,72429
682,683,ADVOGADO,A,2,72488
683,684,ADVOGADO,A,2,73737
684,685,ADVOGADO,A,2,73738
685,686,ADVOGADO,A,2,73739
686,687,ADVOGADO,A,2,73740
687,688,ADVOGADO,A,2,73741
688,689,ADVOGADO,A,2,73744
689,690,ADVOGADO,A,2,73749
690,691,ADVOGADO,A,2,73756
691,692,ADVOGADO,A,2,73757
692,693,ADVOGADO,A,2,73758
693,694,ADVOGADO,A,2,73763
694,695,ADVOGADO,A,2,71929
695,696,ADVOGADO,A,2,71933
696,697,ADVOGADO,A,2,71936
697,698,ADVOGADO,A,2,71688
698,699,ADVOGADO,A,2,72944
699,700,ADVOGADO,A,2,74892
700,701,ADVOGADO,A,2,74930
701,702,ADVOGADO,A,2,71192
702,703,ADVOGADO,A,2,72668
703,704,ADVOGADO,A,2,74193
704,705,ADVOGADO,A,2,74875
705,706,ADVOGADO,A,2,74876
706,707,ADVOGADO,A,2,67368
707,708,ADVOGADO,A,2,67623
708,709,ADVOGADO,A,2,72239
709,710,ADVOGADO,A,2,72274
710,711,ADVOGADO,A,2,72275
711,712,ADVOGADO,A,2,72277
712,713,ADVOGADO,A,2,72303
713,714,ADVOGADO,A,2,72306
714,715,ADVOGADO,A,2,72307
715,716,ADVOGADO,A,2,69071
716,717,ADVOGADO,A,2,71118
717,718,ADVOGADO,A,2,71992
718,719,ADVOGADO,A,2,72858
719,720,ADVOGADO,A,2,75362
720,721,ADVOGADO,A,2,66573
721,722,ADVOGADO,A,2,66580
722,723,ADVOGADO,A,2,66581
723,724,ADVOGADO,A,2,70328
724,725,ADVOGADO,A,2,72090
725,726,ADVOGADO,A,2,75579
726,727,ADVOGADO,A,2,72916
727,728,ADVOGADO,A,2,74311
728,729,ADVOGADO,A,2,75080
729,730,ADVOGADO,A,2,75081
730,731,ADVOGADO,A,2,75086
731,732,ADVOGADO,A,2,75604
732,733,ADVOGADO,A,2,75634
733,734,ADVOGADO,A,2,75290
734,735,ADVOGADO,A,2,75291
735,736,ADVOGADO,A,2,69671
736,737,ADVOGADO,A,2,75376
737,738,ADVOGADO,A,2,75378
738,739,ADVOGADO,A,2,75385
739,740,ADVOGADO,A,2,72051
740,741,ADVOGADO,A,2,72054
741,742,ADVOGADO,A,2,72055
742,743,ADVOGADO,A,2,76465
743,744,ADVOGADO,A,2,76547
744,745,ADVOGADO,A,2,71901
745,746,ADVOGADO,A,2,71902
746,747,ADVOGADO,A,2,71903
747,748,ADVOGADO,A,2,71904
748,749,ADVOGADO,A,2,71909
749,750,ADVOGADO,A,2,71994
750,751,ADVOGADO,A,2,71997
751,752,ADVOGADO,A,2,71999
752,753,ADVOGADO,A,2,72000
753,754,ADVOGADO,A,2,72001
754,755,ADVOGADO,A,2,72002
755,756,ADVOGADO,A,2,72043
756,757,ADVOGADO,A,2,72044
757,758,ADVOGADO,A,2,75551
758,759,ADVOGADO,A,2,75552
759,760,ADVOGADO,A,2,75643
760,761,ADVOGADO,A,2,75668
761,762,ADVOGADO,A,2,75674
762,763,ADVOGADO,A,2,75675
763,764,ADVOGADO,A,2,75678
764,765,ADVOGADO,A,2,72091
765,766,ADVOGADO,A,2,72092
766,767,ADVOGADO,A,2,72093
767,768,ADVOGADO,A,2,72094
768,769,ADVOGADO,A,2,72690
769,770,ADVOGADO,A,2,74317
770,771,ADVOGADO,A,2,74318
771,772,ADVOGADO,A,2,74319
772,773,ADVOGADO,A,2,74320
773,774,ADVOGADO,A,2,74321
774,775,ADVOGADO,A,2,74322
775,776,ADVOGADO,A,2,74523
776,777,ADVOGADO,A,2,74524
777,778,ADVOGADO,A,2,74525
778,779,ADVOGADO,A,2,74526
779,780,ADVOGADO,A,2,74527
780,781,ADVOGADO,A,2,74528
781,782,ADVOGADO,A,2,74529
782,783,ADVOGADO,A,2,74530
783,784,ADVOGADO,A,2,74531
784,785,ADVOGADO,A,2,74532
785,786,ADVOGADO,A,2,74533
786,787,ADVOGADO,A,2,74534
787,788,ADVOGADO,A,2,76075
788,789,ADVOGADO,A,2,75401
789,790,ADVOGADO,A,2,77307
790,791,ADVOGADO,A,2,77321
791,792,ADVOGADO,A,2,68155
792,793,ADVOGADO,A,2,76788
793,794,ADVOGADO,A,2,70137
794,795,ADVOGADO,A,2,71866
795,796,ADVOGADO,A,2,71872
796,797,ADVOGADO,A,2,71873
797,798,ADVOGADO,A,2,71875
798,799,ADVOGADO,A,2,72316
799,800,ADVOGADO,A,2,72320
800,801,ADVOGADO,A,2,71885
801,802,ADVOGADO,A,2,71886
802,803,ADVOGADO,A,2,71898
803,804,ADVOGADO,A,2,71899
804,805,ADVOGADO,A,2,71915
805,806,ADVOGADO,A,2,71920
806,807,ADVOGADO,A,2,71921
807,808,ADVOGADO,A,2,76200
808,809,ADVOGADO,A,2,73770
809,810,ADVOGADO,A,2,73771
810,811,ADVOGADO,A,2,73772
811,812,ADVOGADO,A,2,73777
812,813,ADVOGADO,A,2,73778
813,814,ADVOGADO,A,2,73782
814,815,ADVOGADO,A,2,73783
815,816,ADVOGADO,A,2,76264
816,817,ADVOGADO,A,2,77370
817,818,ADVOGADO,A,2,77373
818,819,ADVOGADO,A,2,77376
819,820,ADVOGADO,A,2,73790
820,821,ADVOGADO,A,2,73791
821,822,ADVOGADO,A,2,73794
822,823,ADVOGADO,A,2,73795
823,824,ADVOGADO,A,2,73797
824,825,ADVOGADO,A,2,73798
825,826,ADVOGADO,A,2,73799
826,827,ADVOGADO,A,2,73801
827,828,ADVOGADO,A,2,73802
828,829,ADVOGADO,A,2,73803
829,830,ADVOGADO,A,2,73804
830,831,ADVOGADO,A,2,73805
831,832,ADVOGADO,A,2,73806
832,833,ADVOGADO,A,2,73807
833,834,ADVOGADO,A,2,73808
834,835,ADVOGADO,A,2,73809
835,836,ADVOGADO,A,2,73810
836,837,ADVOGADO,A,2,73814
837,838,ADVOGADO,A,2,73819
838,839,ADVOGADO,A,2,73822
839,840,ADVOGADO,A,2,74581
840,841,ADVOGADO,A,2,75307
841,842,ADVOGADO,A,2,75308
842,843,ADVOGADO,A,2,75309
843,844,ADVOGADO,A,2,76746
844,845,ADVOGADO,A,2,77126
845,846,ADVOGADO,A,2,65267
846,847,ADVOGADO,A,2,72271
847,848,ADVOGADO,A,2,74535
848,849,ADVOGADO,A,2,74536
849,850,ADVOGADO,A,2,74537
850,851,ADVOGADO,A,2,74538
851,852,ADVOGADO,A,2,74539
852,853,ADVOGADO,A,2,74540
853,854,ADVOGADO,A,2,74541
854,855,ADVOGADO,A,2,74542
855,856,ADVOGADO,A,2,74543
856,857,ADVOGADO,A,2,74544
857,858,ADVOGADO,A,2,74545
858,859,ADVOGADO,A,2,74546
859,860,ADVOGADO,A,2,74547
860,861,ADVOGADO,A,2,74548
861,862,ADVOGADO,A,2,74549
862,863,ADVOGADO,A,2,74550
863,864,ADVOGADO,A,2,72394
864,865,ADVOGADO,A,2,75312
865,866,ADVOGADO,A,2,75315
866,867,ADVOGADO,A,2,75322
867,868,ADVOGADO,A,2,64868
868,869,ADVOGADO,A,2,77203
869,870,ADVOGADO,A,2,72533
870,871,ADVOGADO,A,2,74551
871,872,ADVOGADO,A,2,74552
872,873,ADVOGADO,A,2,74553
873,874,ADVOGADO,A,2,74554
874,875,ADVOGADO,A,2,74555
875,876,ADVOGADO,A,2,74556
876,877,ADVOGADO,A,2,74557
877,878,ADVOGADO,A,2,74558
878,879,ADVOGADO,A,2,74559
879,880,ADVOGADO,A,2,74560
880,881,ADVOGADO,A,2,74561
881,882,ADVOGADO,A,2,74562
882,883,ADVOGADO,A,2,74563
883,884,ADVOGADO,A,2,74564
884,885,ADVOGADO,A,2,74565
885,886,ADVOGADO,A,2,74566
886,887,ADVOGADO,A,2,74567
887,888,ADVOGADO,A,2,74573
888,889,ADVOGADO,A,2,74578
889,890,ADVOGADO,A,2,75324
890,891,ADVOGADO,A,2,75332
891,892,ADVOGADO,A,2,75333
892,893,ADVOGADO,A,2,75334
893,894,ADVOGADO,A,2,75335
894,895,ADVOGADO,A,2,75336
895,896,ADVOGADO,A,2,76691
896,897,ADVOGADO,A,2,76955
897,898,ADVOGADO,A,2,77413
898,899,ADVOGADO,A,2,77417
899,900,ADVOGADO,A,2,77421
900,901,ADVOGADO,A,2,74773
901,902,ADVOGADO,A,2,74774
902,903,ADVOGADO,A,2,74776
903,904,ADVOGADO,A,2,74780
904,905,ADVOGADO,A,2,74784
905,906,ADVOGADO,A,2,74788
906,907,ADVOGADO,A,2,76790
907,908,ADVOGADO,A,2,71969
908,909,ADVOGADO,A,2,71970
909,910,ADVOGADO,A,2,71971
910,911,ADVOGADO,A,2,71972
911,912,ADVOGADO,A,2,71973
912,913,ADVOGADO,A,2,71974
913,914,ADVOGADO,A,2,71975
914,915,ADVOGADO,A,2,75808
915,916,ADVOGADO,A,2,76702
916,917,ADVOGADO,A,2,71230
917,918,ADVOGADO,A,2,72425
918,919,ADVOGADO,A,2,74789
919,920,ADVOGADO,A,2,74793
920,921,ADVOGADO,A,2,74794
921,922,ADVOGADO,A,2,77298
922,923,ADVOGADO,A,2,65297
923,924,ADVOGADO,A,2,65298
924,925,ADVOGADO,A,2,69094
925,926,ADVOGADO,A,2,65307
926,927,ADVOGADO,A,2,65308
927,928,ADVOGADO,A,2,64848
928,929,ADVOGADO,A,2,66760
929,930,ADVOGADO,A,2,71824
930,931,ADVOGADO,A,2,71825
931,932,ADVOGADO,A,2,71829
932,933,ADVOGADO,A,2,71844
933,934,ADVOGADO,A,2,67074
934,935,ADVOGADO,A,2,71655
935,936,ADVOGADO,A,2,72447
936,937,ADVOGADO,A,2,72449
937,938,ADVOGADO,A,2,72452
938,939,ADVOGADO,A,2,72453
939,940,ADVOGADO,A,2,69510
940,941,ADVOGADO,A,2,71629
941,942,ADVOGADO,A,2,71632
942,943,ADVOGADO,A,2,72149
943,944,ADVOGADO,A,2,72454
944,945,ADVOGADO,A,2,72460
945,946,ADVOGADO,A,2,72462
946,947,ADVOGADO,A,2,70107
947,948,ADVOGADO,A,2,65384
948,949,ADVOGADO,A,2,65387
949,950,ADVOGADO,A,2,65389
950,951,ADVOGADO,A,2,65416
951,952,ADVOGADO,A,2,66041
952,953,ADVOGADO,A,2,65425
953,954,ADVOGADO,A,2,65439
954,955,ADVOGADO,A,2,65463
955,956,ADVOGADO,A,2,65467
956,957,ADVOGADO,A,2,65699
957,958,ADVOGADO,A,2,70693
958,959,ADVOGADO,A,2,65552
959,960,ADVOGADO,A,2,69380
960,961,ADVOGADO,A,2,71830
961,962,ADVOGADO,A,2,71832
962,963,ADVOGADO,A,2,71838
963,964,ADVOGADO,A,2,71840
964,965,ADVOGADO,A,2,71849
965,966,ADVOGADO,A,2,71850
966,967,ADVOGADO,A,2,71851
967,968,ADVOGADO,A,2,71852
968,969,ADVOGADO,A,2,71853
969,970,ADVOGADO,A,2,71854
970,971,ADVOGADO,A,2,65716
971,972,ADVOGADO,A,2,64903
972,973,ADVOGADO,A,2,64908
973,974,ADVOGADO,A,2,64914
974,975,ADVOGADO,A,2,64923
975,976,ADVOGADO,A,2,66416
976,977,ADVOGADO,A,2,63358
977,978,ADVOGADO,A,2,72262
978,979,ADVOGADO,A,2,66055
979,980,ADVOGADO,A,2,66714
980,981,ADVOGADO,A,2,72301
981,982,ADVOGADO,A,2,72347
982,983,ADVOGADO,A,2,72348
983,984,ADVOGADO,A,2,72734
984,985,ADVOGADO,A,2,72732
985,986,ADVOGADO,A,2,72738
986,987,ADVOGADO,A,2,72796
987,988,ADVOGADO,A,2,72897
988,989,ADVOGADO,A,2,72901
989,990,ADVOGADO,A,2,73184
990,991,ADVOGADO,A,2,73185
991,992,ADVOGADO,A,2,73187
992,993,ADVOGADO,A,2,73189
993,994,ADVOGADO,A,2,73190
994,995,ADVOGADO,A,2,73191
995,996,ADVOGADO,A,2,73192
996,997,ADVOGADO,A,2,73194
997,998,ADVOGADO,A,2,64996
998,999,ADVOGADO,A,2,71126
999,1000,ADVOGADO,A,2,71366
1000,1001,ADVOGADO,A,2,63695
1001,1002,ADVOGADO,A,2,72705
1002,1003,ADVOGADO,A,2,72742
1003,1004,ADVOGADO,A,2,72763
1004,1005,ADVOGADO,A,2,72765
1005,1006,ADVOGADO,A,2,72767
1006,1007,ADVOGADO,A,2,72795
1007,1008,ADVOGADO,A,2,72866
1008,1009,ADVOGADO,A,2,72891
1009,1010,ADVOGADO,A,2,71576
1010,1011,ADVOGADO,A,2,71946
1011,1012,ADVOGADO,A,2,71947
1012,1013,ADVOGADO,A,2,71948
1013,1014,ADVOGADO,A,2,67486
1014,1015,ADVOGADO,A,2,76219
1015,1016,ADVOGADO,A,2,76284
1016,1017,ADVOGADO,A,2,74176
1017,1018,ADVOGADO,A,2,74431
1018,1019,ADVOGADO,A,2,74443
1019,1020,ADVOGADO,A,2,64887
1020,1021,ADVOGADO,A,2,64888
1021,1022,ADVOGADO,A,2,64889
1022,1023,ADVOGADO,A,2,64893
1023,1024,ADVOGADO,A,2,64899
1024,1025,ADVOGADO,A,2,64937
1025,1026,ADVOGADO,A,2,64981
1026,1027,ADVOGADO,A,2,67812
1027,1028,ADVOGADO,A,2,72030
1028,1029,ADVOGADO,A,2,72031
1029,1030,ADVOGADO,A,2,72033
1030,1031,ADVOGADO,A,2,72036
1031,1032,ADVOGADO,A,2,72037
1032,1033,ADVOGADO,A,2,73680
1033,1034,ADVOGADO,A,2,74393
1034,1035,ADVOGADO,A,2,74455
1035,1036,ADVOGADO,A,2,74456
1036,1037,ADVOGADO,A,2,74457
1037,1038,PASSIVO,P,3,81
1038,1039,PASSIVO,P,3,82
1039,1040,PASSIVO,P,3,281
1040,1041,PASSIVO,P,3,282
1041,1042,PASSIVO,P,3,283
1042,1043,PASSIVO,P,3,321
1043,1044,PASSIVO,P,3,401
1044,1045,PASSIVO,P,3,402
1045,1046,PASSIVO,P,3,261
1046,1047,PASSIVO,P,3,421
1047,1048,PASSIVO,P,3,61
1048,1049,PASSIVO,P,3,121
1049,1050,PASSIVO,P,3,122
1050,1051,PASSIVO,P,3,141
1051,1052,PASSIVO,P,3,301
1052,1053,PASSIVO,P,3,922
1053,1054,PASSIVO,P,3,923
1054,1055,PASSIVO,P,3,924
1055,1056,PASSIVO,P,3,925
1056,1057,PASSIVO,P,3,926
1057,1058,PASSIVO,P,3,927
1058,1059,PASSIVO,P,3,928
1059,1060,PASSIVO,P,3,929
1060,1061,PASSIVO,P,3,930
1061,1062,PASSIVO,P,3,931
1062,1063,PASSIVO,P,3,932
1063,1064,PASSIVO,P,3,933
1064,1065,PASSIVO,P,3,934
1065,1066,PASSIVO,P,3,1001
1066,1067,PASSIVO,P,3,1002
1067,1068,PASSIVO,P,3,101
1068,1069,PASSIVO,P,3,161
1069,1070,PASSIVO,P,3,162
1070,1071,PASSIVO,P,3,381
1071,1072,PASSIVO,P,3,382
1072,1073,PASSIVO,P,3,383
1073,1074,PASSIVO,P,3,921
1074,1075,PASSIVO,P,3,1021
1075,1076,PASSIVO,P,3,1022
1076,1077,PASSIVO,P,3,1023
1077,1078,PASSIVO,P,3,1024
1078,1079,PASSIVO,P,3,1025
1079,1080,PASSIVO,P,3,361
1080,1081,PASSIVO,P,3,501
1081,1082,PASSIVO,P,3,1003
1082,1083,PASSIVO,P,3,1005
1083,1084,PASSIVO,P,3,9978
1084,1085,PASSIVO,P,3,11510
1085,1086,PASSIVO,P,3,11054
1086,1087,PASSIVO,P,3,18894
1087,1088,PASSIVO,P,3,16468
1088,1089,PASSIVO,P,3,14075
1089,1090,PASSIVO,P,3,18338
1090,1091,PASSIVO,P,3,13239
1091,1092,PASSIVO,P,3,22756
1092,1093,PASSIVO,P,3,14110
1093,1094,PASSIVO,P,3,14426
1094,1095,PASSIVO,P,3,17131
1095,1096,PASSIVO,P,3,17893
1096,1097,PASSIVO,P,3,14721
1097,1098,PASSIVO,P,3,18022
1098,1099,PASSIVO,P,3,22505
1099,1100,PASSIVO,P,3,15594
1100,1101,PASSIVO,P,3,21198
1101,1102,PASSIVO,P,3,21725
1102,1103,PASSIVO,P,3,16572
1103,1104,PASSIVO,P,3,12369
1104,1105,PASSIVO,P,3,17242
1105,1106,PASSIVO,P,3,19302
1106,1107,PASSIVO,P,3,25648
1107,1108,PASSIVO,P,3,35207
1108,1109,PASSIVO,P,3,1004
1109,1110,PASSIVO,P,3,43557
1110,1111,PASSIVO,P,3,45121
1111,1112,PASSIVO,P,3,45619
1112,1113,PASSIVO,P,3,42496
1113,1114,PASSIVO,P,3,44831
1114,1115,PASSIVO,P,3,59720
1115,1116,PASSIVO,P,3,34547
1116,1117,PASSIVO,P,3,45703
1117,1118,PASSIVO,P,3,45147
1118,1119,PASSIVO,P,3,44870
1119,1120,PASSIVO,P,3,34106
1120,1121,PASSIVO,P,3,67479
1121,1122,PASSIVO,P,3,71043
1122,1123,PASSIVO,P,3,72746
1123,1124,PASSIVO,P,3,72751
1124,1125,PASSIVO,P,3,72803
1125,1126,PASSIVO,P,3,73706
1126,1127,PASSIVO,P,3,73713
1127,1128,PASSIVO,P,3,73716
1128,1129,PASSIVO,P,3,73720
1129,1130,PASSIVO,P,3,73725
1130,1131,PASSIVO,P,3,66187
1131,1132,PASSIVO,P,3,64874
1132,1133,PASSIVO,P,3,70044
1133,1134,PASSIVO,P,3,75572
1134,1135,PASSIVO,P,3,75690
1135,1136,PASSIVO,P,3,73767
1136,1137,PASSIVO,P,3,74768
1137,1138,PASSIVO,P,3,74889
1138,1139,PASSIVO,P,3,63745
1139,1140,PASSIVO,P,3,69314
1140,1141,PASSIVO,P,3,64876
1141,1142,PASSIVO,P,3,69127
1142,1143,PASSIVO,P,3,69385
1143,1144,PASSIVO,P,3,70531
1144,1145,PASSIVO,P,3,72218
1145,1146,PASSIVO,P,3,74849
1146,1147,PASSIVO,P,3,74854
1147,1148,PASSIVO,P,3,74859
1148,1149,PASSIVO,P,3,74591
1149,1150,PASSIVO,P,3,74592
1150,1151,PASSIVO,P,3,74595
1151,1152,PASSIVO,P,3,74596
1152,1153,PASSIVO,P,3,74604
1153,1154,PASSIVO,P,3,74606
1154,1155,PASSIVO,P,3,74607
1155,1156,PASSIVO,P,3,74608
1156,1157,PASSIVO,P,3,74609
1157,1158,PASSIVO,P,3,74612
1158,1159,PASSIVO,P,3,74613
1159,1160,PASSIVO,P,3,74614
1160,1161,PASSIVO,P,3,74616
1161,1162,PASSIVO,P,3,74617
1162,1163,PASSIVO,P,3,74618
1163,1164,PASSIVO,P,3,74619
1164,1165,PASSIVO,P,3,74620
1165,1166,PASSIVO,P,3,74622
1166,1167,PASSIVO,P,3,74623
1167,1168,PASSIVO,P,3,74628
1168,1169,PASSIVO,P,3,74629
1169,1170,PASSIVO,P,3,67674
1170,1171,PASSIVO,P,3,68549
1171,1172,PASSIVO,P,3,69991
1172,1173,PASSIVO,P,3,71813
1173,1174,PASSIVO,P,3,75100
1174,1175,PASSIVO,P,3,75568
1175,1176,PASSIVO,P,3,75569
1176,1177,PASSIVO,P,3,75570
1177,1178,PASSIVO,P,3,75571
1178,1179,PASSIVO,P,3,74070
1179,1180,PASSIVO,P,3,74087
1180,1181,PASSIVO,P,3,74093
1181,1182,PASSIVO,P,3,70911
1182,1183,PASSIVO,P,3,74631
1183,1184,PASSIVO,P,3,74632
1184,1185,PASSIVO,P,3,74635
1185,1186,PASSIVO,P,3,74638
1186,1187,PASSIVO,P,3,74639
1187,1188,PASSIVO,P,3,74641
1188,1189,PASSIVO,P,3,74659
1189,1190,PASSIVO,P,3,75096
1190,1191,PASSIVO,P,3,75104
1191,1192,PASSIVO,P,3,66342
1192,1193,PASSIVO,P,3,69778
1193,1194,PASSIVO,P,3,72269
1194,1195,PASSIVO,P,3,72859
1195,1196,PASSIVO,P,3,74111
1196,1197,PASSIVO,P,3,74115
1197,1198,PASSIVO,P,3,67026
1198,1199,PASSIVO,P,3,71529
1199,1200,PASSIVO,P,3,72429
1200,1201,PASSIVO,P,3,72488
1201,1202,PASSIVO,P,3,73737
1202,1203,PASSIVO,P,3,73738
1203,1204,PASSIVO,P,3,73739
1204,1205,PASSIVO,P,3,73740
1205,1206,PASSIVO,P,3,73741
1206,1207,PASSIVO,P,3,73744
1207,1208,PASSIVO,P,3,73749
1208,1209,PASSIVO,P,3,73756
1209,1210,PASSIVO,P,3,73757
1210,1211,PASSIVO,P,3,73758
1211,1212,PASSIVO,P,3,73763
1212,1213,PASSIVO,P,3,71929
1213,1214,PASSIVO,P,3,71933
1214,1215,PASSIVO,P,3,71936
1215,1216,PASSIVO,P,3,71688
1216,1217,PASSIVO,P,3,72944
1217,1218,PASSIVO,P,3,74892
1218,1219,PASSIVO,P,3,74930
1219,1220,PASSIVO,P,3,71192
1220,1221,PASSIVO,P,3,72668
1221,1222,PASSIVO,P,3,74193
1222,1223,PASSIVO,P,3,74875
1223,1224,PASSIVO,P,3,74876
1224,1225,PASSIVO,P,3,67368
1225,1226,PASSIVO,P,3,67623
1226,1227,PASSIVO,P,3,72239
1227,1228,PASSIVO,P,3,72274
1228,1229,PASSIVO,P,3,72275
1229,1230,PASSIVO,P,3,72277
1230,1231,PASSIVO,P,3,72303
1231,1232,PASSIVO,P,3,72306
1232,1233,PASSIVO,P,3,72307
1233,1234,PASSIVO,P,3,69071
1234,1235,PASSIVO,P,3,71118
1235,1236,PASSIVO,P,3,71992
1236,1237,PASSIVO,P,3,72858
1237,1238,PASSIVO,P,3,75362
1238,1239,PASSIVO,P,3,66573
1239,1240,PASSIVO,P,3,66580
1240,1241,PASSIVO,P,3,66581
1241,1242,PASSIVO,P,3,70328
1242,1243,PASSIVO,P,3,72090
1243,1244,PASSIVO,P,3,75579
1244,1245,PASSIVO,P,3,72916
1245,1246,PASSIVO,P,3,74311
1246,1247,PASSIVO,P,3,75080
1247,1248,PASSIVO,P,3,75081
1248,1249,PASSIVO,P,3,75086
1249,1250,PASSIVO,P,3,75604
1250,1251,PASSIVO,P,3,75634
1251,1252,PASSIVO,P,3,75290
1252,1253,PASSIVO,P,3,75291
1253,1254,PASSIVO,P,3,69671
1254,1255,PASSIVO,P,3,75376
1255,1256,PASSIVO,P,3,75378
1256,1257,PASSIVO,P,3,75385
1257,1258,PASSIVO,P,3,72051
1258,1259,PASSIVO,P,3,72054
1259,1260,PASSIVO,P,3,72055
1260,1261,PASSIVO,P,3,76465
1261,1262,PASSIVO,P,3,76547
1262,1263,PASSIVO,P,3,71901
1263,1264,PASSIVO,P,3,71902
1264,1265,PASSIVO,P,3,71903
1265,1266,PASSIVO,P,3,71904
1266,1267,PASSIVO,P,3,71909
1267,1268,PASSIVO,P,3,71994
1268,1269,PASSIVO,P,3,71997
1269,1270,PASSIVO,P,3,71999
1270,1271,PASSIVO,P,3,72000
1271,1272,PASSIVO,P,3,72001
1272,1273,PASSIVO,P,3,72002
1273,1274,PASSIVO,P,3,72043
1274,1275,PASSIVO,P,3,72044
1275,1276,PASSIVO,P,3,75551
1276,1277,PASSIVO,P,3,75552
1277,1278,PASSIVO,P,3,75643
1278,1279,PASSIVO,P,3,75668
1279,1280,PASSIVO,P,3,75674
1280,1281,PASSIVO,P,3,75675
1281,1282,PASSIVO,P,3,75678
1282,1283,PASSIVO,P,3,72091
1283,1284,PASSIVO,P,3,72092
1284,1285,PASSIVO,P,3,72093
1285,1286,PASSIVO,P,3,72094
1286,1287,PASSIVO,P,3,72690
1287,1288,PASSIVO,P,3,74317
1288,1289,PASSIVO,P,3,74318
1289,1290,PASSIVO,P,3,74319
1290,1291,PASSIVO,P,3,74320
1291,1292,PASSIVO,P,3,74321
1292,1293,PASSIVO,P,3,74322
1293,1294,PASSIVO,P,3,74523
1294,1295,PASSIVO,P,3,74524
1295,1296,PASSIVO,P,3,74525
1296,1297,PASSIVO,P,3,74526
1297,1298,PASSIVO,P,3,74527
1298,1299,PASSIVO,P,3,74528
1299,1300,PASSIVO,P,3,74529
1300,1301,PASSIVO,P,3,74530
1301,1302,PASSIVO,P,3,74531
1302,1303,PASSIVO,P,3,74532
1303,1304,PASSIVO,P,3,74533
1304,1305,PASSIVO,P,3,74534
1305,1306,PASSIVO,P,3,76075
1306,1307,PASSIVO,P,3,75401
1307,1308,PASSIVO,P,3,77307
1308,1309,PASSIVO,P,3,77321
1309,1310,PASSIVO,P,3,68155
1310,1311,PASSIVO,P,3,76788
1311,1312,PASSIVO,P,3,70137
1312,1313,PASSIVO,P,3,71866
1313,1314,PASSIVO,P,3,71872
1314,1315,PASSIVO,P,3,71873
1315,1316,PASSIVO,P,3,71875
1316,1317,PASSIVO,P,3,72316
1317,1318,PASSIVO,P,3,72320
1318,1319,PASSIVO,P,3,71885
1319,1320,PASSIVO,P,3,71886
1320,1321,PASSIVO,P,3,71898
1321,1322,PASSIVO,P,3,71899
1322,1323,PASSIVO,P,3,71915
1323,1324,PASSIVO,P,3,71920
1324,1325,PASSIVO,P,3,71921
1325,1326,PASSIVO,P,3,76200
1326,1327,PASSIVO,P,3,73770
1327,1328,PASSIVO,P,3,73771
1328,1329,PASSIVO,P,3,73772
1329,1330,PASSIVO,P,3,73777
1330,1331,PASSIVO,P,3,73778
1331,1332,PASSIVO,P,3,73782
1332,1333,PASSIVO,P,3,73783
1333,1334,PASSIVO,P,3,76264
1334,1335,PASSIVO,P,3,77370
1335,1336,PASSIVO,P,3,77373
1336,1337,PASSIVO,P,3,77376
1337,1338,PASSIVO,P,3,73790
1338,1339,PASSIVO,P,3,73791
1339,1340,PASSIVO,P,3,73794
1340,1341,PASSIVO,P,3,73795
1341,1342,PASSIVO,P,3,73797
1342,1343,PASSIVO,P,3,73798
1343,1344,PASSIVO,P,3,73799
1344,1345,PASSIVO,P,3,73801
1345,1346,PASSIVO,P,3,73802
1346,1347,PASSIVO,P,3,73803
1347,1348,PASSIVO,P,3,73804
1348,1349,PASSIVO,P,3,73805
1349,1350,PASSIVO,P,3,73806
1350,1351,PASSIVO,P,3,73807
1351,1352,PASSIVO,P,3,73808
1352,1353,PASSIVO,P,3,73809
1353,1354,PASSIVO,P,3,73810
1354,1355,PASSIVO,P,3,73814
1355,1356,PASSIVO,P,3,73819
1356,1357,PASSIVO,P,3,73822
1357,1358,PASSIVO,P,3,74581
1358,1359,PASSIVO,P,3,75307
1359,1360,PASSIVO,P,3,75308
1360,1361,PASSIVO,P,3,75309
1361,1362,PASSIVO,P,3,76746
1362,1363,PASSIVO,P,3,77126
1363,1364,PASSIVO,P,3,65267
1364,1365,PASSIVO,P,3,72271
1365,1366,PASSIVO,P,3,74535
1366,1367,PASSIVO,P,3,74536
1367,1368,PASSIVO,P,3,74537
1368,1369,PASSIVO,P,3,74538
1369,1370,PASSIVO,P,3,74539
1370,1371,PASSIVO,P,3,74540
1371,1372,PASSIVO,P,3,74541
1372,1373,PASSIVO,P,3,74542
1373,1374,PASSIVO,P,3,74543
1374,1375,PASSIVO,P,3,74544
1375,1376,PASSIVO,P,3,74545
1376,1377,PASSIVO,P,3,74546
1377,1378,PASSIVO,P,3,74547
1378,1379,PASSIVO,P,3,74548
1379,1380,PASSIVO,P,3,74549
1380,1381,PASSIVO,P,3,74550
1381,1382,PASSIVO,P,3,72394
1382,1383,PASSIVO,P,3,75312
1383,1384,PASSIVO,P,3,75315
1384,1385,PASSIVO,P,3,75322
1385,1386,PASSIVO,P,3,64868
1386,1387,PASSIVO,P,3,77203
1387,1388,PASSIVO,P,3,72533
1388,1389,PASSIVO,P,3,74551
1389,1390,PASSIVO,P,3,74552
1390,1391,PASSIVO,P,3,74553
1391,1392,PASSIVO,P,3,74554
1392,1393,PASSIVO,P,3,74555
1393,1394,PASSIVO,P,3,74556
1394,1395,PASSIVO,P,3,74557
1395,1396,PASSIVO,P,3,74558
1396,1397,PASSIVO,P,3,74559
1397,1398,PASSIVO,P,3,74560
1398,1399,PASSIVO,P,3,74561
1399,1400,PASSIVO,P,3,74562
1400,1401,PASSIVO,P,3,74563
1401,1402,PASSIVO,P,3,74564
1402,1403,PASSIVO,P,3,74565
1403,1404,PASSIVO,P,3,74566
1404,1405,PASSIVO,P,3,74567
1405,1406,PASSIVO,P,3,74573
1406,1407,PASSIVO,P,3,74578
1407,1408,PASSIVO,P,3,75324
1408,1409,PASSIVO,P,3,75332
1409,1410,PASSIVO,P,3,75333
1410,1411,PASSIVO,P,3,75334
1411,1412,PASSIVO,P,3,75335
1412,1413,PASSIVO,P,3,75336
1413,1414,PASSIVO,P,3,76691
1414,1415,PASSIVO,P,3,76955
1415,1416,PASSIVO,P,3,77413
1416,1417,PASSIVO,P,3,77417
1417,1418,PASSIVO,P,3,77421
1418,1419,PASSIVO,P,3,74773
1419,1420,PASSIVO,P,3,74774
1420,1421,PASSIVO,P,3,74776
1421,1422,PASSIVO,P,3,74780
1422,1423,PASSIVO,P,3,74784
1423,1424,PASSIVO,P,3,74788
1424,1425,PASSIVO,P,3,76790
1425,1426,PASSIVO,P,3,71969
1426,1427,PASSIVO,P,3,71970
1427,1428,PASSIVO,P,3,71971
1428,1429,PASSIVO,P,3,71972
1429,1430,PASSIVO,P,3,71973
1430,1431,PASSIVO,P,3,71974
1431,1432,PASSIVO,P,3,71975
1432,1433,PASSIVO,P,3,75808
1433,1434,PASSIVO,P,3,76702
1434,1435,PASSIVO,P,3,71230
1435,1436,PASSIVO,P,3,72425
1436,1437,PASSIVO,P,3,74789
1437,1438,PASSIVO,P,3,74793
1438,1439,PASSIVO,P,3,74794
1439,1440,PASSIVO,P,3,77298
1440,1441,PASSIVO,P,3,65297
1441,1442,PASSIVO,P,3,65298
1442,1443,PASSIVO,P,3,69094
1443,1444,PASSIVO,P,3,65307
1444,1445,PASSIVO,P,3,65308
1445,1446,PASSIVO,P,3,64848
1446,1447,PASSIVO,P,3,66760
1447,1448,PASSIVO,P,3,71824
1448,1449,PASSIVO,P,3,71825
1449,1450,PASSIVO,P,3,71829
1450,1451,PASSIVO,P,3,71844
1451,1452,PASSIVO,P,3,67074
1452,1453,PASSIVO,P,3,71655
1453,1454,PASSIVO,P,3,72447
1454,1455,PASSIVO,P,3,72449
1455,1456,PASSIVO,P,3,72452
1456,1457,PASSIVO,P,3,72453
1457,1458,PASSIVO,P,3,69510
1458,1459,PASSIVO,P,3,71629
1459,1460,PASSIVO,P,3,71632
1460,1461,PASSIVO,P,3,72149
1461,1462,PASSIVO,P,3,72454
1462,1463,PASSIVO,P,3,72460
1463,1464,PASSIVO,P,3,72462
1464,1465,PASSIVO,P,3,70107
1465,1466,PASSIVO,P,3,65384
1466,1467,PASSIVO,P,3,65387
1467,1468,PASSIVO,P,3,65389
1468,1469,PASSIVO,P,3,65416
1469,1470,PASSIVO,P,3,66041
1470,1471,PASSIVO,P,3,65425
1471,1472,PASSIVO,P,3,65439
1472,1473,PASSIVO,P,3,65463
1473,1474,PASSIVO,P,3,65467
1474,1475,PASSIVO,P,3,65699
1475,1476,PASSIVO,P,3,70693
1476,1477,PASSIVO,P,3,65552
1477,1478,PASSIVO,P,3,69380
1478,1479,PASSIVO,P,3,71830
1479,1480,PASSIVO,P,3,71832
1480,1481,PASSIVO,P,3,71838
1481,1482,PASSIVO,P,3,71840
1482,1483,PASSIVO,P,3,71849
1483,1484,PASSIVO,P,3,71850
1484,1485,PASSIVO,P,3,71851
1485,1486,PASSIVO,P,3,71852
1486,1487,PASSIVO,P,3,71853
1487,1488,PASSIVO,P,3,71854
1488,1489,PASSIVO,P,3,65716
1489,1490,PASSIVO,P,3,64903
1490,1491,PASSIVO,P,3,64908
1491,1492,PASSIVO,P,3,64914
1492,1493,PASSIVO,P,3,64923
1493,1494,PASSIVO,P,3,66416
1494,1495,PASSIVO,P,3,63358
1495,1496,PASSIVO,P,3,72262
1496,1497,PASSIVO,P,3,66055
1497,1498,PASSIVO,P,3,66714
1498,1499,PASSIVO,P,3,72301
1499,1500,PASSIVO,P,3,72347
1500,1501,PASSIVO,P,3,72348
1501,1502,PASSIVO,P,3,72734
1502,1503,PASSIVO,P,3,72732
1503,1504,PASSIVO,P,3,72738
1504,1505,PASSIVO,P,3,72796
1505,1506,PASSIVO,P,3,72897
1506,1507,PASSIVO,P,3,72901
1507,1508,PASSIVO,P,3,73184
1508,1509,PASSIVO,P,3,73185
1509,1510,PASSIVO,P,3,73187
1510,1511,PASSIVO,P,3,73189
1511,1512,PASSIVO,P,3,73190
1512,1513,PASSIVO,P,3,73191
1513,1514,PASSIVO,P,3,73192
1514,1515,PASSIVO,P,3,73194
1515,1516,PASSIVO,P,3,64996
1516,1517,PASSIVO,P,3,71126
1517,1518,PASSIVO,P,3,71366
1518,1519,PASSIVO,P,3,63695
1519,1520,PASSIVO,P,3,72705
1520,1521,PASSIVO,P,3,72742
1521,1522,PASSIVO,P,3,72763
1522,1523,PASSIVO,P,3,72765
1523,1524,PASSIVO,P,3,72767
1524,1525,PASSIVO,P,3,72795
1525,1526,PASSIVO,P,3,72866
1526,1527,PASSIVO,P,3,72891
1527,1528,PASSIVO,P,3,71576
1528,1529,PASSIVO,P,3,71946
1529,1530,PASSIVO,P,3,71947
1530,1531,PASSIVO,P,3,71948
1531,1532,PASSIVO,P,3,67486
1532,1533,PASSIVO,P,3,76219
1533,1534,PASSIVO,P,3,76284
1534,1535,PASSIVO,P,3,74176
1535,1536,PASSIVO,P,3,74431
1536,1537,PASSIVO,P,3,74443
1537,1538,PASSIVO,P,3,64887
1538,1539,PASSIVO,P,3,64888
1539,1540,PASSIVO,P,3,64889
1540,1541,PASSIVO,P,3,64893
1541,1542,PASSIVO,P,3,64899
1542,1543,PASSIVO,P,3,64937
1543,1544,PASSIVO,P,3,64981
1544,1545,PASSIVO,P,3,67812
1545,1546,PASSIVO,P,3,72030
1546,1547,PASSIVO,P,3,72031
1547,1548,PASSIVO,P,3,72033
1548,1549,PASSIVO,P,3,72036
1549,1550,PASSIVO,P,3,72037
1550,1551,PASSIVO,P,3,73680
1551,1552,PASSIVO,P,3,74393
1552,1553,PASSIVO,P,3,74455
1553,1554,PASSIVO,P,3,74456
1554,1555,PASSIVO,P,3,74457
1555,1556,ADVOGADO,P,4,81
1556,1557,ADVOGADO,P,4,82
1557,1558,ADVOGADO,P,4,281
1558,1559,ADVOGADO,P,4,282
1559,1560,ADVOGADO,P,4,283
1560,1561,ADVOGADO,P,4,321
1561,1562,ADVOGADO,P,4,401
1562,1563,ADVOGADO,P,4,402
1563,1564,ADVOGADO,P,4,261
1564,1565,ADVOGADO,P,4,421
1565,1566,ADVOGADO,P,4,61
1566,1567,ADVOGADO,P,4,121
1567,1568,ADVOGADO,P,4,122
1568,1569,ADVOGADO,P,4,141
1569,1570,ADVOGADO,P,4,301
1570,1571,ADVOGADO,P,4,922
1571,1572,ADVOGADO,P,4,923
1572,1573,ADVOGADO,P,4,924
1573,1574,ADVOGADO,P,4,925
1574,1575,ADVOGADO,P,4,926
1575,1576,ADVOGADO,P,4,927
1576,1577,ADVOGADO,P,4,928
1577,1578,ADVOGADO,P,4,929
1578,1579,ADVOGADO,P,4,930
1579,1580,ADVOGADO,P,4,931
1580,1581,ADVOGADO,P,4,932
1581,1582,ADVOGADO,P,4,933
1582,1583,ADVOGADO,P,4,934
1583,1584,ADVOGADO,P,4,1001
1584,1585,ADVOGADO,P,4,1002
1585,1586,ADVOGADO,P,4,101
1586,1587,ADVOGADO,P,4,161
1587,1588,ADVOGADO,P,4,162
1588,1589,ADVOGADO,P,4,381
1589,1590,ADVOGADO,P,4,382
1590,1591,ADVOGADO,P,4,383
1591,1592,ADVOGADO,P,4,921
1592,1593,ADVOGADO,P,4,1021
1593,1594,ADVOGADO,P,4,1022
1594,1595,ADVOGADO,P,4,1023
1595,1596,ADVOGADO,P,4,1024
1596,1597,ADVOGADO,P,4,1025
1597,1598,ADVOGADO,P,4,361
1598,1599,ADVOGADO,P,4,501
1599,1600,ADVOGADO,P,4,1003
1600,1601,ADVOGADO,P,4,1005
1601,1602,ADVOGADO,P,4,9978
1602,1603,ADVOGADO,P,4,11510
1603,1604,ADVOGADO,P,4,11054
1604,1605,ADVOGADO,P,4,18894
1605,1606,ADVOGADO,P,4,16468
1606,1607,ADVOGADO,P,4,14075
1607,1608,ADVOGADO,P,4,18338
1608,1609,ADVOGADO,P,4,13239
1609,1610,ADVOGADO,P,4,22756
1610,1611,ADVOGADO,P,4,14110
1611,1612,ADVOGADO,P,4,14426
1612,1613,ADVOGADO,P,4,17131
1613,1614,ADVOGADO,P,4,17893
1614,1615,ADVOGADO,P,4,14721
1615,1616,ADVOGADO,P,4,18022
1616,1617,ADVOGADO,P,4,22505
1617,1618,ADVOGADO,P,4,15594
1618,1619,ADVOGADO,P,4,21198
1619,1620,ADVOGADO,P,4,21725
1620,1621,ADVOGADO,P,4,16572
1621,1622,ADVOGADO,P,4,12369
1622,1623,ADVOGADO,P,4,17242
1623,1624,ADVOGADO,P,4,19302
1624,1625,ADVOGADO,P,4,25648
1625,1626,ADVOGADO,P,4,35207
1626,1627,ADVOGADO,P,4,1004
1627,1628,ADVOGADO,P,4,43557
1628,1629,ADVOGADO,P,4,45121
1629,1630,ADVOGADO,P,4,45619
1630,1631,ADVOGADO,P,4,42496
1631,1632,ADVOGADO,P,4,44831
1632,1633,ADVOGADO,P,4,59720
1633,1634,ADVOGADO,P,4,34547
1634,1635,ADVOGADO,P,4,45703
1635,1636,ADVOGADO,P,4,45147
1636,1637,ADVOGADO,P,4,44870
1637,1638,ADVOGADO,P,4,34106
1638,1639,ADVOGADO,P,4,67479
1639,1640,ADVOGADO,P,4,71043
1640,1641,ADVOGADO,P,4,72746
1641,1642,ADVOGADO,P,4,72751
1642,1643,ADVOGADO,P,4,72803
1643,1644,ADVOGADO,P,4,73706
1644,1645,ADVOGADO,P,4,73713
1645,1646,ADVOGADO,P,4,73716
1646,1647,ADVOGADO,P,4,73720
1647,1648,ADVOGADO,P,4,73725
1648,1649,ADVOGADO,P,4,66187
1649,1650,ADVOGADO,P,4,64874
1650,1651,ADVOGADO,P,4,70044
1651,1652,ADVOGADO,P,4,75572
1652,1653,ADVOGADO,P,4,75690
1653,1654,ADVOGADO,P,4,73767
1654,1655,ADVOGADO,P,4,74768
1655,1656,ADVOGADO,P,4,74889
1656,1657,ADVOGADO,P,4,63745
1657,1658,ADVOGADO,P,4,69314
1658,1659,ADVOGADO,P,4,64876
1659,1660,ADVOGADO,P,4,69127
1660,1661,ADVOGADO,P,4,69385
1661,1662,ADVOGADO,P,4,70531
1662,1663,ADVOGADO,P,4,72218
1663,1664,ADVOGADO,P,4,74849
1664,1665,ADVOGADO,P,4,74854
1665,1666,ADVOGADO,P,4,74859
1666,1667,ADVOGADO,P,4,74591
1667,1668,ADVOGADO,P,4,74592
1668,1669,ADVOGADO,P,4,74595
1669,1670,ADVOGADO,P,4,74596
1670,1671,ADVOGADO,P,4,74604
1671,1672,ADVOGADO,P,4,74606
1672,1673,ADVOGADO,P,4,74607
1673,1674,ADVOGADO,P,4,74608
1674,1675,ADVOGADO,P,4,74609
1675,1676,ADVOGADO,P,4,74612
1676,1677,ADVOGADO,P,4,74613
1677,1678,ADVOGADO,P,4,74614
1678,1679,ADVOGADO,P,4,74616
1679,1680,ADVOGADO,P,4,74617
1680,1681,ADVOGADO,P,4,74618
1681,1682,ADVOGADO,P,4,74619
1682,1683,ADVOGADO,P,4,74620
1683,1684,ADVOGADO,P,4,74622
1684,1685,ADVOGADO,P,4,74623
1685,1686,ADVOGADO,P,4,74628
1686,1687,ADVOGADO,P,4,74629
1687,1688,ADVOGADO,P,4,67674
1688,1689,ADVOGADO,P,4,68549
1689,1690,ADVOGADO,P,4,69991
1690,1691,ADVOGADO,P,4,71813
1691,1692,ADVOGADO,P,4,75100
1692,1693,ADVOGADO,P,4,75568
1693,1694,ADVOGADO,P,4,75569
1694,1695,ADVOGADO,P,4,75570
1695,1696,ADVOGADO,P,4,75571
1696,1697,ADVOGADO,P,4,74070
1697,1698,ADVOGADO,P,4,74087
1698,1699,ADVOGADO,P,4,74093
1699,1700,ADVOGADO,P,4,70911
1700,1701,ADVOGADO,P,4,74631
1701,1702,ADVOGADO,P,4,74632
1702,1703,ADVOGADO,P,4,74635
1703,1704,ADVOGADO,P,4,74638
1704,1705,ADVOGADO,P,4,74639
1705,1706,ADVOGADO,P,4,74641
1706,1707,ADVOGADO,P,4,74659
1707,1708,ADVOGADO,P,4,75096
1708,1709,ADVOGADO,P,4,75104
1709,1710,ADVOGADO,P,4,66342
1710,1711,ADVOGADO,P,4,69778
1711,1712,ADVOGADO,P,4,72269
1712,1713,ADVOGADO,P,4,72859
1713,1714,ADVOGADO,P,4,74111
1714,1715,ADVOGADO,P,4,74115
1715,1716,ADVOGADO,P,4,67026
1716,1717,ADVOGADO,P,4,71529
1717,1718,ADVOGADO,P,4,72429
1718,1719,ADVOGADO,P,4,72488
1719,1720,ADVOGADO,P,4,73737
1720,1721,ADVOGADO,P,4,73738
1721,1722,ADVOGADO,P,4,73739
1722,1723,ADVOGADO,P,4,73740
1723,1724,ADVOGADO,P,4,73741
1724,1725,ADVOGADO,P,4,73744
1725,1726,ADVOGADO,P,4,73749
1726,1727,ADVOGADO,P,4,73756
1727,1728,ADVOGADO,P,4,73757
1728,1729,ADVOGADO,P,4,73758
1729,1730,ADVOGADO,P,4,73763
1730,1731,ADVOGADO,P,4,71929
1731,1732,ADVOGADO,P,4,71933
1732,1733,ADVOGADO,P,4,71936
1733,1734,ADVOGADO,P,4,71688
1734,1735,ADVOGADO,P,4,72944
1735,1736,ADVOGADO,P,4,74892
1736,1737,ADVOGADO,P,4,74930
1737,1738,ADVOGADO,P,4,71192
1738,1739,ADVOGADO,P,4,72668
1739,1740,ADVOGADO,P,4,74193
1740,1741,ADVOGADO,P,4,74875
1741,1742,ADVOGADO,P,4,74876
1742,1743,ADVOGADO,P,4,67368
1743,1744,ADVOGADO,P,4,67623
1744,1745,ADVOGADO,P,4,72239
1745,1746,ADVOGADO,P,4,72274
1746,1747,ADVOGADO,P,4,72275
1747,1748,ADVOGADO,P,4,72277
1748,1749,ADVOGADO,P,4,72303
1749,1750,ADVOGADO,P,4,72306
1750,1751,ADVOGADO,P,4,72307
1751,1752,ADVOGADO,P,4,69071
1752,1753,ADVOGADO,P,4,71118
1753,1754,ADVOGADO,P,4,71992
1754,1755,ADVOGADO,P,4,72858
1755,1756,ADVOGADO,P,4,75362
1756,1757,ADVOGADO,P,4,66573
1757,1758,ADVOGADO,P,4,66580
1758,1759,ADVOGADO,P,4,66581
1759,1760,ADVOGADO,P,4,70328
1760,1761,ADVOGADO,P,4,72090
1761,1762,ADVOGADO,P,4,75579
1762,1763,ADVOGADO,P,4,72916
1763,1764,ADVOGADO,P,4,74311
1764,1765,ADVOGADO,P,4,75080
1765,1766,ADVOGADO,P,4,75081
1766,1767,ADVOGADO,P,4,75086
1767,1768,ADVOGADO,P,4,75604
1768,1769,ADVOGADO,P,4,75634
1769,1770,ADVOGADO,P,4,75290
1770,1771,ADVOGADO,P,4,75291
1771,1772,ADVOGADO,P,4,69671
1772,1773,ADVOGADO,P,4,75376
1773,1774,ADVOGADO,P,4,75378
1774,1775,ADVOGADO,P,4,75385
1775,1776,ADVOGADO,P,4,72051
1776,1777,ADVOGADO,P,4,72054
1777,1778,ADVOGADO,P,4,72055
1778,1779,ADVOGADO,P,4,76465
1779,1780,ADVOGADO,P,4,76547
1780,1781,ADVOGADO,P,4,71901
1781,1782,ADVOGADO,P,4,71902
1782,1783,ADVOGADO,P,4,71903
1783,1784,ADVOGADO,P,4,71904
1784,1785,ADVOGADO,P,4,71909
1785,1786,ADVOGADO,P,4,71994
1786,1787,ADVOGADO,P,4,71997
1787,1788,ADVOGADO,P,4,71999
1788,1789,ADVOGADO,P,4,72000
1789,1790,ADVOGADO,P,4,72001
1790,1791,ADVOGADO,P,4,72002
1791,1792,ADVOGADO,P,4,72043
1792,1793,ADVOGADO,P,4,72044
1793,1794,ADVOGADO,P,4,75551
1794,1795,ADVOGADO,P,4,75552
1795,1796,ADVOGADO,P,4,75643
1796,1797,ADVOGADO,P,4,75668
1797,1798,ADVOGADO,P,4,75674
1798,1799,ADVOGADO,P,4,75675
1799,1800,ADVOGADO,P,4,75678
1800,1801,ADVOGADO,P,4,72091
1801,1802,ADVOGADO,P,4,72092
1802,1803,ADVOGADO,P,4,72093
1803,1804,ADVOGADO,P,4,72094
1804,1805,ADVOGADO,P,4,72690
1805,1806,ADVOGADO,P,4,74317
1806,1807,ADVOGADO,P,4,74318
1807,1808,ADVOGADO,P,4,74319
1808,1809,ADVOGADO,P,4,74320
1809,1810,ADVOGADO,P,4,74321
1810,1811,ADVOGADO,P,4,74322
1811,1812,ADVOGADO,P,4,74523
1812,1813,ADVOGADO,P,4,74524
1813,1814,ADVOGADO,P,4,74525
1814,1815,ADVOGADO,P,4,74526
1815,1816,ADVOGADO,P,4,74527
1816,1817,ADVOGADO,P,4,74528
1817,1818,ADVOGADO,P,4,74529
1818,1819,ADVOGADO,P,4,74530
1819,1820,ADVOGADO,P,4,74531
1820,1821,ADVOGADO,P,4,74532
1821,1822,ADVOGADO,P,4,74533
1822,1823,ADVOGADO,P,4,74534
1823,1824,ADVOGADO,P,4,76075
1824,1825,ADVOGADO,P,4,75401
1825,1826,ADVOGADO,P,4,77307
1826,1827,ADVOGADO,P,4,77321
1827,1828,ADVOGADO,P,4,68155
1828,1829,ADVOGADO,P,4,76788
1829,1830,ADVOGADO,P,4,70137
1830,1831,ADVOGADO,P,4,71866
1831,1832,ADVOGADO,P,4,71872
1832,1833,ADVOGADO,P,4,71873
1833,1834,ADVOGADO,P,4,71875
1834,1835,ADVOGADO,P,4,72316
1835,1836,ADVOGADO,P,4,72320
1836,1837,ADVOGADO,P,4,71885
1837,1838,ADVOGADO,P,4,71886
1838,1839,ADVOGADO,P,4,71898
1839,1840,ADVOGADO,P,4,71899
1840,1841,ADVOGADO,P,4,71915
1841,1842,ADVOGADO,P,4,71920
1842,1843,ADVOGADO,P,4,71921
1843,1844,ADVOGADO,P,4,76200
1844,1845,ADVOGADO,P,4,73770
1845,1846,ADVOGADO,P,4,73771
1846,1847,ADVOGADO,P,4,73772
1847,1848,ADVOGADO,P,4,73777
1848,1849,ADVOGADO,P,4,73778
1849,1850,ADVOGADO,P,4,73782
1850,1851,ADVOGADO,P,4,73783
1851,1852,ADVOGADO,P,4,76264
1852,1853,ADVOGADO,P,4,77370
1853,1854,ADVOGADO,P,4,77373
1854,1855,ADVOGADO,P,4,77376
1855,1856,ADVOGADO,P,4,73790
1856,1857,ADVOGADO,P,4,73791
1857,1858,ADVOGADO,P,4,73794
1858,1859,ADVOGADO,P,4,73795
1859,1860,ADVOGADO,P,4,73797
1860,1861,ADVOGADO,P,4,73798
1861,1862,ADVOGADO,P,4,73799
1862,1863,ADVOGADO,P,4,73801
1863,1864,ADVOGADO,P,4,73802
1864,1865,ADVOGADO,P,4,73803
1865,1866,ADVOGADO,P,4,73804
1866,1867,ADVOGADO,P,4,73805
1867,1868,ADVOGADO,P,4,73806
1868,1869,ADVOGADO,P,4,73807
1869,1870,ADVOGADO,P,4,73808
1870,1871,ADVOGADO,P,4,73809
1871,1872,ADVOGADO,P,4,73810
1872,1873,ADVOGADO,P,4,73814
1873,1874,ADVOGADO,P,4,73819
1874,1875,ADVOGADO,P,4,73822
1875,1876,ADVOGADO,P,4,74581
1876,1877,ADVOGADO,P,4,75307
1877,1878,ADVOGADO,P,4,75308
1878,1879,ADVOGADO,P,4,75309
1879,1880,ADVOGADO,P,4,76746
1880,1881,ADVOGADO,P,4,77126
1881,1882,ADVOGADO,P,4,65267
1882,1883,ADVOGADO,P,4,72271
1883,1884,ADVOGADO,P,4,74535
1884,1885,ADVOGADO,P,4,74536
1885,1886,ADVOGADO,P,4,74537
1886,1887,ADVOGADO,P,4,74538
1887,1888,ADVOGADO,P,4,74539
1888,1889,ADVOGADO,P,4,74540
1889,1890,ADVOGADO,P,4,74541
1890,1891,ADVOGADO,P,4,74542
1891,1892,ADVOGADO,P,4,74543
1892,1893,ADVOGADO,P,4,74544
1893,1894,ADVOGADO,P,4,74545
1894,1895,ADVOGADO,P,4,74546
1895,1896,ADVOGADO,P,4,74547
1896,1897,ADVOGADO,P,4,74548
1897,1898,ADVOGADO,P,4,74549
1898,1899,ADVOGADO,P,4,74550
1899,1900,ADVOGADO,P,4,72394
1900,1901,ADVOGADO,P,4,75312
1901,1902,ADVOGADO,P,4,75315
1902,1903,ADVOGADO,P,4,75322
1903,1904,ADVOGADO,P,4,64868
1904,1905,ADVOGADO,P,4,77203
1905,1906,ADVOGADO,P,4,72533
1906,1907,ADVOGADO,P,4,74551
1907,1908,ADVOGADO,P,4,74552
1908,1909,ADVOGADO,P,4,74553
1909,1910,ADVOGADO,P,4,74554
1910,1911,ADVOGADO,P,4,74555
1911,1912,ADVOGADO,P,4,74556
1912,1913,ADVOGADO,P,4,74557
1913,1914,ADVOGADO,P,4,74558
1914,1915,ADVOGADO,P,4,74559
1915,1916,ADVOGADO,P,4,74560
1916,1917,ADVOGADO,P,4,74561
1917,1918,ADVOGADO,P,4,74562
1918,1919,ADVOGADO,P,4,74563
1919,1920,ADVOGADO,P,4,74564
1920,1921,ADVOGADO,P,4,74565
1921,1922,ADVOGADO,P,4,74566
1922,1923,ADVOGADO,P,4,74567
1923,1924,ADVOGADO,P,4,74573
1924,1925,ADVOGADO,P,4,74578
1925,1926,ADVOGADO,P,4,75324
1926,1927,ADVOGADO,P,4,75332
1927,1928,ADVOGADO,P,4,75333
1928,1929,ADVOGADO,P,4,75334
1929,1930,ADVOGADO,P,4,75335
1930,1931,ADVOGADO,P,4,75336
1931,1932,ADVOGADO,P,4,76691
1932,1933,ADVOGADO,P,4,76955
1933,1934,ADVOGADO,P,4,77413
1934,1935,ADVOGADO,P,4,77417
1935,1936,ADVOGADO,P,4,77421
1936,1937,ADVOGADO,P,4,74773
1937,1938,ADVOGADO,P,4,74774
1938,1939,ADVOGADO,P,4,74776
1939,1940,ADVOGADO,P,4,74780
1940,1941,ADVOGADO,P,4,74784
1941,1942,ADVOGADO,P,4,74788
1942,1943,ADVOGADO,P,4,76790
1943,1944,ADVOGADO,P,4,71969
1944,1945,ADVOGADO,P,4,71970
1945,1946,ADVOGADO,P,4,71971
1946,1947,ADVOGADO,P,4,71972
1947,1948,ADVOGADO,P,4,71973
1948,1949,ADVOGADO,P,4,71974
1949,1950,ADVOGADO,P,4,71975
1950,1951,ADVOGADO,P,4,75808
1951,1952,ADVOGADO,P,4,76702
1952,1953,ADVOGADO,P,4,71230
1953,1954,ADVOGADO,P,4,72425
1954,1955,ADVOGADO,P,4,74789
1955,1956,ADVOGADO,P,4,74793
1956,1957,ADVOGADO,P,4,74794
1957,1958,ADVOGADO,P,4,77298
1958,1959,ADVOGADO,P,4,65297
1959,1960,ADVOGADO,P,4,65298
1960,1961,ADVOGADO,P,4,69094
1961,1962,ADVOGADO,P,4,65307
1962,1963,ADVOGADO,P,4,65308
1963,1964,ADVOGADO,P,4,64848
1964,1965,ADVOGADO,P,4,66760
1965,1966,ADVOGADO,P,4,71824
1966,1967,ADVOGADO,P,4,71825
1967,1968,ADVOGADO,P,4,71829
1968,1969,ADVOGADO,P,4,71844
1969,1970,ADVOGADO,P,4,67074
1970,1971,ADVOGADO,P,4,71655
1971,1972,ADVOGADO,P,4,72447
1972,1973,ADVOGADO,P,4,72449
1973,1974,ADVOGADO,P,4,72452
1974,1975,ADVOGADO,P,4,72453
1975,1976,ADVOGADO,P,4,69510
1976,1977,ADVOGADO,P,4,71629
1977,1978,ADVOGADO,P,4,71632
1978,1979,ADVOGADO,P,4,72149
1979,1980,ADVOGADO,P,4,72454
1980,1981,ADVOGADO,P,4,72460
1981,1982,ADVOGADO,P,4,72462
1982,1983,ADVOGADO,P,4,70107
1983,1984,ADVOGADO,P,4,65384
1984,1985,ADVOGADO,P,4,65387
1985,1986,ADVOGADO,P,4,65389
1986,1987,ADVOGADO,P,4,65416
1987,1988,ADVOGADO,P,4,66041
1988,1989,ADVOGADO,P,4,65425
1989,1990,ADVOGADO,P,4,65439
1990,1991,ADVOGADO,P,4,65463
1991,1992,ADVOGADO,P,4,65467
1992,1993,ADVOGADO,P,4,65699
1993,1994,ADVOGADO,P,4,70693
1994,1995,ADVOGADO,P,4,65552
1995,1996,ADVOGADO,P,4,69380
1996,1997,ADVOGADO,P,4,71830
1997,1998,ADVOGADO,P,4,71832
1998,1999,ADVOGADO,P,4,71838
1999,2000,ADVOGADO,P,4,71840
2000,2001,ADVOGADO,P,4,71849
2001,2002,ADVOGADO,P,4,71850
2002,2003,ADVOGADO,P,4,71851
2003,2004,ADVOGADO,P,4,71852
2004,2005,ADVOGADO,P,4,71853
2005,2006,ADVOGADO,P,4,71854
2006,2007,ADVOGADO,P,4,65716
2007,2008,ADVOGADO,P,4,64903
2008,2009,ADVOGADO,P,4,64908
2009,2010,ADVOGADO,P,4,64914
2010,2011,ADVOGADO,P,4,64923
2011,2012,ADVOGADO,P,4,66416
2012,2013,ADVOGADO,P,4,63358
2013,2014,ADVOGADO,P,4,72262
2014,2015,ADVOGADO,P,4,66055
2015,2016,ADVOGADO,P,4,66714
2016,2017,ADVOGADO,P,4,72301
2017,2018,ADVOGADO,P,4,72347
2018,2019,ADVOGADO,P,4,72348
2019,2020,ADVOGADO,P,4,72734
2020,2021,ADVOGADO,P,4,72732
2021,2022,ADVOGADO,P,4,72738
2022,2023,ADVOGADO,P,4,72796
2023,2024,ADVOGADO,P,4,72897
2024,2025,ADVOGADO,P,4,72901
2025,2026,ADVOGADO,P,4,73184
2026,2027,ADVOGADO,P,4,73185
2027,2028,ADVOGADO,P,4,73187
2028,2029,ADVOGADO,P,4,73189
2029,2030,ADVOGADO,P,4,73190
2030,2031,ADVOGADO,P,4,73191
2031,2032,ADVOGADO,P,4,73192
2032,2033,ADVOGADO,P,4,73194
2033,2034,ADVOGADO,P,4,64996
2034,2035,ADVOGADO,P,4,71126
2035,2036,ADVOGADO,P,4,71366
2036,2037,ADVOGADO,P,4,63695
2037,2038,ADVOGADO,P,4,72705
2038,2039,ADVOGADO,P,4,72742
2039,2040,ADVOGADO,P,4,72763
2040,2041,ADVOGADO,P,4,72765
2041,2042,ADVOGADO,P,4,72767
2042,2043,ADVOGADO,P,4,72795
2043,2044,ADVOGADO,P,4,72866
2044,2045,ADVOGADO,P,4,72891
2045,2046,ADVOGADO,P,4,71576
2046,2047,ADVOGADO,P,4,71946
2047,2048,ADVOGADO,P,4,71947
2048,2049,ADVOGADO,P,4,71948
2049,2050,ADVOGADO,P,4,67486
2050,2051,ADVOGADO,P,4,76219
2051,2052,ADVOGADO,P,4,76284
2052,2053,ADVOGADO,P,4,74176
2053,2054,ADVOGADO,P,4,74431
2054,2055,ADVOGADO,P,4,74443
2055,2056,ADVOGADO,P,4,64887
2056,2057,ADVOGADO,P,4,64888
2057,2058,ADVOGADO,P,4,64889
2058,2059,ADVOGADO,P,4,64893
2059,2060,ADVOGADO,P,4,64899
2060,2061,ADVOGADO,P,4,64937
2061,2062,ADVOGADO,P,4,64981
2062,2063,ADVOGADO,P,4,67812
2063,2064,ADVOGADO,P,4,72030
2064,2065,ADVOGADO,P,4,72031
2065,2066,ADVOGADO,P,4,72033
2066,2067,ADVOGADO,P,4,72036
2067,2068,ADVOGADO,P,4,72037
2068,2069,ADVOGADO,P,4,73680
2069,2070,ADVOGADO,P,4,74393
2070,2071,ADVOGADO,P,4,74455
2071,2072,ADVOGADO,P,4,74456
2072,2073,ADVOGADO,P,4,74457
