id,data_juntada,descricao,documento_html,id_documento_sistema_legado,nomeuserinclusao,ativo,id_processo,extensao
1,2018-03-26 16:01:07,Descricao xpto,<h1>Testa H1 tag</h1> <p>conteudo</p>,3,juliano,true,61,text/html
2,2018-03-26 16:01:07,Descricao xpto,<h1>Testa H1 tag</h1> <p>conteudo</p>,4,juliano,true,81,text/html
3,2018-03-26 16:01:07,Descricao xpto,<h1>Testa H1 tag</h1> <p>conteudo</p>,5,juliano,true,82,text/html
4,2018-03-26 16:01:07,Descricao xpto,<h1>Testa H1 tag</h1> <p>conteudo</p>,6,juliano,true,101,text/html
5,2018-03-26 16:01:07,Descricao xpto,<h1>Testa H1 tag</h1> <p>conteudo</p>,7,juliano,true,121,text/html
6,2018-03-26 16:01:07,Descricao xpto,<h1>Testa H1 tag</h1> <p>conteudo</p>,8,juliano,true,122,text/html
7,2018-03-26 16:01:07,Descricao xpto,<h1>Testa H1 tag</h1> <p>conteudo</p>,9,juliano,true,141,text/html
8,2018-03-26 16:01:07,Descricao xpto,<h1>Testa H1 tag</h1> <p>conteudo</p>,10,juliano,true,161,text/html
9,2018-03-26 16:01:07,Descricao xpto,<h1>Testa H1 tag</h1> <p>conteudo</p>,11,juliano,true,162,text/html
10,2018-03-26 16:01:07,Descricao xpto,<h1>Testa H1 tag</h1> <p>conteudo</p>,12,juliano,true,261,text/html
11,2018-03-26 16:01:07,Descricao xpto,<h1>Testa H1 tag</h1> <p>conteudo</p>,13,juliano,true,281,text/html
12,2018-03-26 16:01:07,Descricao xpto,<h1>Testa H1 tag</h1> <p>conteudo</p>,14,juliano,true,282,text/html
13,2018-03-26 16:01:07,Descricao xpto,<h1>Testa H1 tag</h1> <p>conteudo</p>,15,juliano,true,283,text/html
14,2018-03-26 16:01:07,Descricao xpto,<h1>Testa H1 tag</h1> <p>conteudo</p>,16,juliano,true,301,text/html
15,2018-03-26 16:01:07,Descricao xpto,<h1>Testa H1 tag</h1> <p>conteudo</p>,17,juliano,true,321,text/html
16,2018-03-26 16:01:07,Descricao xpto,<h1>Testa H1 tag</h1> <p>conteudo</p>,18,juliano,true,361,text/html
17,2018-03-26 16:01:07,Descricao xpto,<h1>Testa H1 tag</h1> <p>conteudo</p>,19,juliano,true,381,text/html
18,2018-03-26 16:01:07,Descricao xpto,<h1>Testa H1 tag</h1> <p>conteudo</p>,20,juliano,true,382,text/html
19,2018-03-26 16:01:07,Descricao xpto,<h1>Testa H1 tag</h1> <p>conteudo</p>,21,juliano,true,383,text/html
20,2018-03-26 16:01:07,Descricao xpto,<h1>Testa H1 tag</h1> <p>conteudo</p>,22,juliano,true,401,text/html
21,2018-03-26 16:01:07,Descricao xpto,<h1>Testa H1 tag</h1> <p>conteudo</p>,23,juliano,true,402,text/html
22,2018-03-26 16:01:07,Descricao xpto,<h1>Testa H1 tag</h1> <p>conteudo</p>,24,juliano,true,421,text/html
23,2018-03-26 16:01:07,Descricao xpto,<h1>Testa H1 tag</h1> <p>conteudo</p>,25,juliano,true,501,text/html
24,2018-03-26 16:01:07,Descricao xpto,<h1>Testa H1 tag</h1> <p>conteudo</p>,26,juliano,true,921,text/html
25,2018-03-26 16:01:07,Descricao xpto,<h1>Testa H1 tag</h1> <p>conteudo</p>,27,juliano,true,922,text/html
26,2018-03-26 16:01:07,Descricao xpto,<h1>Testa H1 tag</h1> <p>conteudo</p>,28,juliano,true,923,text/html
27,2018-03-26 16:01:07,Descricao xpto,<h1>Testa H1 tag</h1> <p>conteudo</p>,29,juliano,true,924,text/html
28,2018-03-26 16:01:07,Descricao xpto,<h1>Testa H1 tag</h1> <p>conteudo</p>,30,juliano,true,925,text/html
29,2018-03-26 16:01:07,Descricao xpto,<h1>Testa H1 tag</h1> <p>conteudo</p>,31,juliano,true,926,text/html
30,2018-03-26 16:01:07,Descricao xpto,<h1>Testa H1 tag</h1> <p>conteudo</p>,32,juliano,true,927,text/html
31,2018-03-26 16:01:07,Descricao xpto,<h1>Testa H1 tag</h1> <p>conteudo</p>,33,juliano,true,928,text/html
32,2018-03-26 16:01:07,Descricao xpto,<h1>Testa H1 tag</h1> <p>conteudo</p>,34,juliano,true,929,text/html
33,2018-03-26 16:01:07,Descricao xpto,<h1>Testa H1 tag</h1> <p>conteudo</p>,35,juliano,true,930,text/html
34,2018-03-26 16:01:07,Descricao xpto,<h1>Testa H1 tag</h1> <p>conteudo</p>,36,juliano,true,931,text/html
35,2018-03-26 16:01:07,Descricao xpto,<h1>Testa H1 tag</h1> <p>conteudo</p>,37,juliano,true,932,text/html
36,2018-03-26 16:01:07,Descricao xpto,<h1>Testa H1 tag</h1> <p>conteudo</p>,38,juliano,true,933,text/html
37,2018-03-26 16:01:07,Descricao xpto,<h1>Testa H1 tag</h1> <p>conteudo</p>,39,juliano,true,934,text/html
38,2018-03-26 16:01:07,Descricao xpto,<h1>Testa H1 tag</h1> <p>conteudo</p>,40,juliano,true,1001,text/html
39,2018-03-26 16:01:07,Descricao xpto,<h1>Testa H1 tag</h1> <p>conteudo</p>,41,juliano,true,1002,text/html
40,2018-03-26 16:01:07,Descricao xpto,<h1>Testa H1 tag</h1> <p>conteudo</p>,42,juliano,true,1003,text/html
41,2018-03-26 16:01:07,Descricao xpto,<h1>Testa H1 tag</h1> <p>conteudo</p>,43,juliano,true,1004,text/html
42,2018-03-26 16:01:07,Descricao xpto,<h1>Testa H1 tag</h1> <p>conteudo</p>,44,juliano,true,1005,text/html
43,2018-03-26 16:01:07,Descricao xpto,<h1>Testa H1 tag</h1> <p>conteudo</p>,45,juliano,true,1021,text/html
44,2018-03-26 16:01:07,Descricao xpto,<h1>Testa H1 tag</h1> <p>conteudo</p>,46,juliano,true,1022,text/html
45,2018-03-26 16:01:07,Descricao xpto,<h1>Testa H1 tag</h1> <p>conteudo</p>,47,juliano,true,1023,text/html
46,2018-03-26 16:01:07,Descricao xpto,<h1>Testa H1 tag</h1> <p>conteudo</p>,48,juliano,true,1024,text/html
47,2018-03-26 16:01:07,Descricao xpto,<h1>Testa H1 tag</h1> <p>conteudo</p>,49,juliano,true,1025,text/html
48,2018-03-26 16:01:07,Descricao xpto,<h1>Testa H1 tag</h1> <p>conteudo</p>,50,juliano,true,9978,text/html
49,2018-03-26 16:01:07,Descricao xpto,<h1>Testa H1 tag</h1> <p>conteudo</p>,51,juliano,true,11054,text/html
50,2018-03-26 16:01:07,Descricao xpto,<h1>Testa H1 tag</h1> <p>conteudo</p>,52,juliano,true,11510,text/html
51,2018-03-26 16:01:07,Descricao xpto,<h1>Testa H1 tag</h1> <p>conteudo</p>,53,juliano,true,12369,text/html
52,2018-03-26 16:01:07,Descricao xpto,<h1>Testa H1 tag</h1> <p>conteudo</p>,54,juliano,true,13239,text/html
53,2018-03-26 16:01:07,Descricao xpto,<h1>Testa H1 tag</h1> <p>conteudo</p>,55,juliano,true,14075,text/html
54,2018-03-26 16:01:07,Descricao xpto,<h1>Testa H1 tag</h1> <p>conteudo</p>,56,juliano,true,14110,text/html
55,2018-03-26 16:01:07,Descricao xpto,<h1>Testa H1 tag</h1> <p>conteudo</p>,57,juliano,true,14426,text/html
56,2018-03-26 16:01:07,Descricao xpto,<h1>Testa H1 tag</h1> <p>conteudo</p>,58,juliano,true,14721,text/html
57,2018-03-26 16:01:07,Descricao xpto,<h1>Testa H1 tag</h1> <p>conteudo</p>,59,juliano,true,15594,text/html
58,2018-03-26 16:01:07,Descricao xpto,<h1>Testa H1 tag</h1> <p>conteudo</p>,60,juliano,true,16468,text/html
59,2018-03-26 16:01:07,Descricao xpto,<h1>Testa H1 tag</h1> <p>conteudo</p>,61,juliano,true,16572,text/html
60,2018-03-26 16:01:07,Descricao xpto,<h1>Testa H1 tag</h1> <p>conteudo</p>,62,juliano,true,17131,text/html
61,2018-03-26 16:01:07,Descricao xpto,<h1>Testa H1 tag</h1> <p>conteudo</p>,63,juliano,true,17242,text/html
62,2018-03-26 16:01:07,Descricao xpto,<h1>Testa H1 tag</h1> <p>conteudo</p>,64,juliano,true,17893,text/html
63,2018-03-26 16:01:07,Descricao xpto,<h1>Testa H1 tag</h1> <p>conteudo</p>,65,juliano,true,18022,text/html
64,2018-03-26 16:01:07,Descricao xpto,<h1>Testa H1 tag</h1> <p>conteudo</p>,66,juliano,true,18338,text/html
65,2018-03-26 16:01:07,Descricao xpto,<h1>Testa H1 tag</h1> <p>conteudo</p>,67,juliano,true,18894,text/html
66,2018-03-26 16:01:07,Descricao xpto,<h1>Testa H1 tag</h1> <p>conteudo</p>,68,juliano,true,19302,text/html
67,2018-03-26 16:01:07,Descricao xpto,<h1>Testa H1 tag</h1> <p>conteudo</p>,69,juliano,true,21198,text/html
68,2018-03-26 16:01:07,Descricao xpto,<h1>Testa H1 tag</h1> <p>conteudo</p>,70,juliano,true,21725,text/html
69,2018-03-26 16:01:07,Descricao xpto,<h1>Testa H1 tag</h1> <p>conteudo</p>,71,juliano,true,22505,text/html
70,2018-03-26 16:01:07,Descricao xpto,<h1>Testa H1 tag</h1> <p>conteudo</p>,72,juliano,true,22756,text/html
71,2018-03-26 16:01:07,Descricao xpto,<h1>Testa H1 tag</h1> <p>conteudo</p>,73,juliano,true,25648,text/html
72,2018-03-26 16:01:07,Descricao xpto,<h1>Testa H1 tag</h1> <p>conteudo</p>,74,juliano,true,34106,text/html
73,2018-03-26 16:01:07,Descricao xpto,<h1>Testa H1 tag</h1> <p>conteudo</p>,75,juliano,true,34547,text/html
74,2018-03-26 16:01:07,Descricao xpto,<h1>Testa H1 tag</h1> <p>conteudo</p>,76,juliano,true,35207,text/html
75,2018-03-26 16:01:07,Descricao xpto,<h1>Testa H1 tag</h1> <p>conteudo</p>,77,juliano,true,42496,text/html
76,2018-03-26 16:01:07,Descricao xpto,<h1>Testa H1 tag</h1> <p>conteudo</p>,78,juliano,true,43557,text/html
77,2018-03-26 16:01:07,Descricao xpto,<h1>Testa H1 tag</h1> <p>conteudo</p>,79,juliano,true,44831,text/html
78,2018-03-26 16:01:07,Descricao xpto,<h1>Testa H1 tag</h1> <p>conteudo</p>,80,juliano,true,44870,text/html
79,2018-03-26 16:01:07,Descricao xpto,<h1>Testa H1 tag</h1> <p>conteudo</p>,81,juliano,true,45121,text/html
80,2018-03-26 16:01:07,Descricao xpto,<h1>Testa H1 tag</h1> <p>conteudo</p>,82,juliano,true,45147,text/html
81,2018-03-26 16:01:07,Descricao xpto,<h1>Testa H1 tag</h1> <p>conteudo</p>,83,juliano,true,45619,text/html
82,2018-03-26 16:01:07,Descricao xpto,<h1>Testa H1 tag</h1> <p>conteudo</p>,84,juliano,true,45703,text/html
83,2018-03-26 16:01:07,Descricao xpto,<h1>Testa H1 tag</h1> <p>conteudo</p>,85,juliano,true,59720,text/html
84,2018-03-26 16:01:07,Descricao xpto,<h1>Testa H1 tag</h1> <p>conteudo</p>,86,juliano,true,63358,text/html
85,2018-03-26 16:01:07,Descricao xpto,<h1>Testa H1 tag</h1> <p>conteudo</p>,87,juliano,true,63695,text/html
86,2018-03-26 16:01:07,Descricao xpto,<h1>Testa H1 tag</h1> <p>conteudo</p>,88,juliano,true,63745,text/html
87,2018-03-26 16:01:07,Descricao xpto,<h1>Testa H1 tag</h1> <p>conteudo</p>,89,juliano,true,64848,text/html
88,2018-03-26 16:01:07,Descricao xpto,<h1>Testa H1 tag</h1> <p>conteudo</p>,90,juliano,true,64868,text/html
89,2018-03-26 16:01:07,Descricao xpto,<h1>Testa H1 tag</h1> <p>conteudo</p>,91,juliano,true,64874,text/html
90,2018-03-26 16:01:07,Descricao xpto,<h1>Testa H1 tag</h1> <p>conteudo</p>,92,juliano,true,64876,text/html
91,2018-03-26 16:01:07,Descricao xpto,<h1>Testa H1 tag</h1> <p>conteudo</p>,93,juliano,true,64887,text/html
92,2018-03-26 16:01:07,Descricao xpto,<h1>Testa H1 tag</h1> <p>conteudo</p>,94,juliano,true,64888,text/html
93,2018-03-26 16:01:07,Descricao xpto,<h1>Testa H1 tag</h1> <p>conteudo</p>,95,juliano,true,64889,text/html
94,2018-03-26 16:01:07,Descricao xpto,<h1>Testa H1 tag</h1> <p>conteudo</p>,96,juliano,true,64893,text/html
95,2018-03-26 16:01:07,Descricao xpto,<h1>Testa H1 tag</h1> <p>conteudo</p>,97,juliano,true,64899,text/html
96,2018-03-26 16:01:07,Descricao xpto,<h1>Testa H1 tag</h1> <p>conteudo</p>,98,juliano,true,64903,text/html
97,2018-03-26 16:01:07,Descricao xpto,<h1>Testa H1 tag</h1> <p>conteudo</p>,99,juliano,true,64908,text/html
98,2018-03-26 16:01:07,Descricao xpto,<h1>Testa H1 tag</h1> <p>conteudo</p>,100,juliano,true,64914,text/html
99,2018-03-26 16:01:07,Descricao xpto,<h1>Testa H1 tag</h1> <p>conteudo</p>,101,juliano,true,64923,text/html
100,2018-03-26 16:01:07,Descricao xpto,<h1>Testa H1 tag</h1> <p>conteudo</p>,102,juliano,true,64937,text/html
101,2018-03-26 16:01:07,Descricao xpto,<h1>Testa H1 tag</h1> <p>conteudo</p>,103,juliano,true,64981,text/html
102,2018-03-26 16:01:07,Descricao xpto,<h1>Testa H1 tag</h1> <p>conteudo</p>,104,juliano,true,64996,text/html
103,2018-03-26 16:01:07,Descricao xpto,<h1>Testa H1 tag</h1> <p>conteudo</p>,105,juliano,true,65267,text/html
104,2018-03-26 16:01:07,Descricao xpto,<h1>Testa H1 tag</h1> <p>conteudo</p>,106,juliano,true,65297,text/html
105,2018-03-26 16:01:07,Descricao xpto,<h1>Testa H1 tag</h1> <p>conteudo</p>,107,juliano,true,65298,text/html
106,2018-03-26 16:01:07,Descricao xpto,<h1>Testa H1 tag</h1> <p>conteudo</p>,108,juliano,true,65307,text/html
107,2018-03-26 16:01:07,Descricao xpto,<h1>Testa H1 tag</h1> <p>conteudo</p>,109,juliano,true,65308,text/html
108,2018-03-26 16:01:07,Descricao xpto,<h1>Testa H1 tag</h1> <p>conteudo</p>,110,juliano,true,65384,text/html
109,2018-03-26 16:01:07,Descricao xpto,<h1>Testa H1 tag</h1> <p>conteudo</p>,111,juliano,true,65387,text/html
110,2018-03-26 16:01:07,Descricao xpto,<h1>Testa H1 tag</h1> <p>conteudo</p>,112,juliano,true,65389,text/html
111,2018-03-26 16:01:07,Descricao xpto,<h1>Testa H1 tag</h1> <p>conteudo</p>,113,juliano,true,65416,text/html
112,2018-03-26 16:01:07,Descricao xpto,<h1>Testa H1 tag</h1> <p>conteudo</p>,114,juliano,true,65425,text/html
113,2018-03-26 16:01:07,Descricao xpto,<h1>Testa H1 tag</h1> <p>conteudo</p>,115,juliano,true,65439,text/html
114,2018-03-26 16:01:07,Descricao xpto,<h1>Testa H1 tag</h1> <p>conteudo</p>,116,juliano,true,65463,text/html
115,2018-03-26 16:01:07,Descricao xpto,<h1>Testa H1 tag</h1> <p>conteudo</p>,117,juliano,true,65467,text/html
116,2018-03-26 16:01:07,Descricao xpto,<h1>Testa H1 tag</h1> <p>conteudo</p>,118,juliano,true,65552,text/html
117,2018-03-26 16:01:07,Descricao xpto,<h1>Testa H1 tag</h1> <p>conteudo</p>,119,juliano,true,65699,text/html
118,2018-03-26 16:01:07,Descricao xpto,<h1>Testa H1 tag</h1> <p>conteudo</p>,120,juliano,true,65716,text/html
119,2018-03-26 16:01:07,Descricao xpto,<h1>Testa H1 tag</h1> <p>conteudo</p>,121,juliano,true,66041,text/html
120,2018-03-26 16:01:07,Descricao xpto,<h1>Testa H1 tag</h1> <p>conteudo</p>,122,juliano,true,66055,text/html
121,2018-03-26 16:01:07,Descricao xpto,<h1>Testa H1 tag</h1> <p>conteudo</p>,123,juliano,true,66187,text/html
122,2018-03-26 16:01:07,Descricao xpto,<h1>Testa H1 tag</h1> <p>conteudo</p>,124,juliano,true,66342,text/html
123,2018-03-26 16:01:07,Descricao xpto,<h1>Testa H1 tag</h1> <p>conteudo</p>,125,juliano,true,66416,text/html
124,2018-03-26 16:01:07,Descricao xpto,<h1>Testa H1 tag</h1> <p>conteudo</p>,126,juliano,true,66573,text/html
125,2018-03-26 16:01:07,Descricao xpto,<h1>Testa H1 tag</h1> <p>conteudo</p>,127,juliano,true,66580,text/html
126,2018-03-26 16:01:07,Descricao xpto,<h1>Testa H1 tag</h1> <p>conteudo</p>,128,juliano,true,66581,text/html
127,2018-03-26 16:01:07,Descricao xpto,<h1>Testa H1 tag</h1> <p>conteudo</p>,129,juliano,true,66714,text/html
128,2018-03-26 16:01:07,Descricao xpto,<h1>Testa H1 tag</h1> <p>conteudo</p>,130,juliano,true,66760,text/html
129,2018-03-26 16:01:07,Descricao xpto,<h1>Testa H1 tag</h1> <p>conteudo</p>,131,juliano,true,67026,text/html
130,2018-03-26 16:01:07,Descricao xpto,<h1>Testa H1 tag</h1> <p>conteudo</p>,132,juliano,true,67074,text/html
131,2018-03-26 16:01:07,Descricao xpto,<h1>Testa H1 tag</h1> <p>conteudo</p>,133,juliano,true,67368,text/html
132,2018-03-26 16:01:07,Descricao xpto,<h1>Testa H1 tag</h1> <p>conteudo</p>,134,juliano,true,67479,text/html
133,2018-03-26 16:01:07,Descricao xpto,<h1>Testa H1 tag</h1> <p>conteudo</p>,135,juliano,true,67486,text/html
134,2018-03-26 16:01:07,Descricao xpto,<h1>Testa H1 tag</h1> <p>conteudo</p>,136,juliano,true,67623,text/html
135,2018-03-26 16:01:07,Descricao xpto,<h1>Testa H1 tag</h1> <p>conteudo</p>,137,juliano,true,67674,text/html
136,2018-03-26 16:01:07,Descricao xpto,<h1>Testa H1 tag</h1> <p>conteudo</p>,138,juliano,true,67812,text/html
137,2018-03-26 16:01:07,Descricao xpto,<h1>Testa H1 tag</h1> <p>conteudo</p>,139,juliano,true,68155,text/html
138,2018-03-26 16:01:07,Descricao xpto,<h1>Testa H1 tag</h1> <p>conteudo</p>,140,juliano,true,68549,text/html
139,2018-03-26 16:01:07,Descricao xpto,<h1>Testa H1 tag</h1> <p>conteudo</p>,141,juliano,true,69071,text/html
140,2018-03-26 16:01:07,Descricao xpto,<h1>Testa H1 tag</h1> <p>conteudo</p>,142,juliano,true,69094,text/html
141,2018-03-26 16:01:07,Descricao xpto,<h1>Testa H1 tag</h1> <p>conteudo</p>,143,juliano,true,69127,text/html
142,2018-03-26 16:01:07,Descricao xpto,<h1>Testa H1 tag</h1> <p>conteudo</p>,144,juliano,true,69314,text/html
143,2018-03-26 16:01:07,Descricao xpto,<h1>Testa H1 tag</h1> <p>conteudo</p>,145,juliano,true,69380,text/html
144,2018-03-26 16:01:07,Descricao xpto,<h1>Testa H1 tag</h1> <p>conteudo</p>,146,juliano,true,69385,text/html
145,2018-03-26 16:01:07,Descricao xpto,<h1>Testa H1 tag</h1> <p>conteudo</p>,147,juliano,true,69510,text/html
146,2018-03-26 16:01:07,Descricao xpto,<h1>Testa H1 tag</h1> <p>conteudo</p>,148,juliano,true,69671,text/html
147,2018-03-26 16:01:07,Descricao xpto,<h1>Testa H1 tag</h1> <p>conteudo</p>,149,juliano,true,69778,text/html
148,2018-03-26 16:01:07,Descricao xpto,<h1>Testa H1 tag</h1> <p>conteudo</p>,150,juliano,true,69991,text/html
149,2018-03-26 16:01:07,Descricao xpto,<h1>Testa H1 tag</h1> <p>conteudo</p>,151,juliano,true,70044,text/html
150,2018-03-26 16:01:07,Descricao xpto,<h1>Testa H1 tag</h1> <p>conteudo</p>,152,juliano,true,70107,text/html
151,2018-03-26 16:01:07,Descricao xpto,<h1>Testa H1 tag</h1> <p>conteudo</p>,153,juliano,true,70137,text/html
152,2018-03-26 16:01:07,Descricao xpto,<h1>Testa H1 tag</h1> <p>conteudo</p>,154,juliano,true,70328,text/html
153,2018-03-26 16:01:07,Descricao xpto,<h1>Testa H1 tag</h1> <p>conteudo</p>,155,juliano,true,70531,text/html
154,2018-03-26 16:01:07,Descricao xpto,<h1>Testa H1 tag</h1> <p>conteudo</p>,156,juliano,true,70693,text/html
155,2018-03-26 16:01:07,Descricao xpto,<h1>Testa H1 tag</h1> <p>conteudo</p>,157,juliano,true,70911,text/html
156,2018-03-26 16:01:07,Descricao xpto,<h1>Testa H1 tag</h1> <p>conteudo</p>,158,juliano,true,71043,text/html
157,2018-03-26 16:01:07,Descricao xpto,<h1>Testa H1 tag</h1> <p>conteudo</p>,159,juliano,true,71118,text/html
158,2018-03-26 16:01:07,Descricao xpto,<h1>Testa H1 tag</h1> <p>conteudo</p>,160,juliano,true,71126,text/html
159,2018-03-26 16:01:07,Descricao xpto,<h1>Testa H1 tag</h1> <p>conteudo</p>,161,juliano,true,71192,text/html
160,2018-03-26 16:01:07,Descricao xpto,<h1>Testa H1 tag</h1> <p>conteudo</p>,162,juliano,true,71230,text/html
161,2018-03-26 16:01:07,Descricao xpto,<h1>Testa H1 tag</h1> <p>conteudo</p>,163,juliano,true,71366,text/html
162,2018-03-26 16:01:07,Descricao xpto,<h1>Testa H1 tag</h1> <p>conteudo</p>,164,juliano,true,71529,text/html
163,2018-03-26 16:01:07,Descricao xpto,<h1>Testa H1 tag</h1> <p>conteudo</p>,165,juliano,true,71576,text/html
164,2018-03-26 16:01:07,Descricao xpto,<h1>Testa H1 tag</h1> <p>conteudo</p>,166,juliano,true,71629,text/html
165,2018-03-26 16:01:07,Descricao xpto,<h1>Testa H1 tag</h1> <p>conteudo</p>,167,juliano,true,71632,text/html
166,2018-03-26 16:01:07,Descricao xpto,<h1>Testa H1 tag</h1> <p>conteudo</p>,168,juliano,true,71655,text/html
167,2018-03-26 16:01:07,Descricao xpto,<h1>Testa H1 tag</h1> <p>conteudo</p>,169,juliano,true,71688,text/html
168,2018-03-26 16:01:07,Descricao xpto,<h1>Testa H1 tag</h1> <p>conteudo</p>,170,juliano,true,71813,text/html
169,2018-03-26 16:01:07,Descricao xpto,<h1>Testa H1 tag</h1> <p>conteudo</p>,171,juliano,true,71824,text/html
170,2018-03-26 16:01:07,Descricao xpto,<h1>Testa H1 tag</h1> <p>conteudo</p>,172,juliano,true,71825,text/html
171,2018-03-26 16:01:07,Descricao xpto,<h1>Testa H1 tag</h1> <p>conteudo</p>,173,juliano,true,71829,text/html
172,2018-03-26 16:01:07,Descricao xpto,<h1>Testa H1 tag</h1> <p>conteudo</p>,174,juliano,true,71830,text/html
173,2018-03-26 16:01:07,Descricao xpto,<h1>Testa H1 tag</h1> <p>conteudo</p>,175,juliano,true,71832,text/html
174,2018-03-26 16:01:07,Descricao xpto,<h1>Testa H1 tag</h1> <p>conteudo</p>,176,juliano,true,71838,text/html
175,2018-03-26 16:01:07,Descricao xpto,<h1>Testa H1 tag</h1> <p>conteudo</p>,177,juliano,true,71840,text/html
176,2018-03-26 16:01:07,Descricao xpto,<h1>Testa H1 tag</h1> <p>conteudo</p>,178,juliano,true,71844,text/html
177,2018-03-26 16:01:07,Descricao xpto,<h1>Testa H1 tag</h1> <p>conteudo</p>,179,juliano,true,71849,text/html
178,2018-03-26 16:01:07,Descricao xpto,<h1>Testa H1 tag</h1> <p>conteudo</p>,180,juliano,true,71850,text/html
179,2018-03-26 16:01:07,Descricao xpto,<h1>Testa H1 tag</h1> <p>conteudo</p>,181,juliano,true,71851,text/html
180,2018-03-26 16:01:07,Descricao xpto,<h1>Testa H1 tag</h1> <p>conteudo</p>,182,juliano,true,71852,text/html
181,2018-03-26 16:01:07,Descricao xpto,<h1>Testa H1 tag</h1> <p>conteudo</p>,183,juliano,true,71853,text/html
182,2018-03-26 16:01:07,Descricao xpto,<h1>Testa H1 tag</h1> <p>conteudo</p>,184,juliano,true,71854,text/html
183,2018-03-26 16:01:07,Descricao xpto,<h1>Testa H1 tag</h1> <p>conteudo</p>,185,juliano,true,71866,text/html
184,2018-03-26 16:01:07,Descricao xpto,<h1>Testa H1 tag</h1> <p>conteudo</p>,186,juliano,true,71872,text/html
185,2018-03-26 16:01:07,Descricao xpto,<h1>Testa H1 tag</h1> <p>conteudo</p>,187,juliano,true,71873,text/html
186,2018-03-26 16:01:07,Descricao xpto,<h1>Testa H1 tag</h1> <p>conteudo</p>,188,juliano,true,71875,text/html
187,2018-03-26 16:01:07,Descricao xpto,<h1>Testa H1 tag</h1> <p>conteudo</p>,189,juliano,true,71885,text/html
188,2018-03-26 16:01:07,Descricao xpto,<h1>Testa H1 tag</h1> <p>conteudo</p>,190,juliano,true,71886,text/html
189,2018-03-26 16:01:07,Descricao xpto,<h1>Testa H1 tag</h1> <p>conteudo</p>,191,juliano,true,71898,text/html
190,2018-03-26 16:01:07,Descricao xpto,<h1>Testa H1 tag</h1> <p>conteudo</p>,192,juliano,true,71899,text/html
191,2018-03-26 16:01:07,Descricao xpto,<h1>Testa H1 tag</h1> <p>conteudo</p>,193,juliano,true,71901,text/html
192,2018-03-26 16:01:07,Descricao xpto,<h1>Testa H1 tag</h1> <p>conteudo</p>,194,juliano,true,71902,text/html
193,2018-03-26 16:01:07,Descricao xpto,<h1>Testa H1 tag</h1> <p>conteudo</p>,195,juliano,true,71903,text/html
194,2018-03-26 16:01:07,Descricao xpto,<h1>Testa H1 tag</h1> <p>conteudo</p>,196,juliano,true,71904,text/html
195,2018-03-26 16:01:07,Descricao xpto,<h1>Testa H1 tag</h1> <p>conteudo</p>,197,juliano,true,71909,text/html
196,2018-03-26 16:01:07,Descricao xpto,<h1>Testa H1 tag</h1> <p>conteudo</p>,198,juliano,true,71915,text/html
197,2018-03-26 16:01:07,Descricao xpto,<h1>Testa H1 tag</h1> <p>conteudo</p>,199,juliano,true,71920,text/html
198,2018-03-26 16:01:07,Descricao xpto,<h1>Testa H1 tag</h1> <p>conteudo</p>,200,juliano,true,71921,text/html
199,2018-03-26 16:01:07,Descricao xpto,<h1>Testa H1 tag</h1> <p>conteudo</p>,201,juliano,true,71929,text/html
200,2018-03-26 16:01:07,Descricao xpto,<h1>Testa H1 tag</h1> <p>conteudo</p>,202,juliano,true,71933,text/html
201,2018-03-26 16:01:07,Descricao xpto,<h1>Testa H1 tag</h1> <p>conteudo</p>,203,juliano,true,71936,text/html
202,2018-03-26 16:01:07,Descricao xpto,<h1>Testa H1 tag</h1> <p>conteudo</p>,204,juliano,true,71946,text/html
203,2018-03-26 16:01:07,Descricao xpto,<h1>Testa H1 tag</h1> <p>conteudo</p>,205,juliano,true,71947,text/html
204,2018-03-26 16:01:07,Descricao xpto,<h1>Testa H1 tag</h1> <p>conteudo</p>,206,juliano,true,71948,text/html
205,2018-03-26 16:01:07,Descricao xpto,<h1>Testa H1 tag</h1> <p>conteudo</p>,207,juliano,true,71969,text/html
206,2018-03-26 16:01:07,Descricao xpto,<h1>Testa H1 tag</h1> <p>conteudo</p>,208,juliano,true,71970,text/html
207,2018-03-26 16:01:07,Descricao xpto,<h1>Testa H1 tag</h1> <p>conteudo</p>,209,juliano,true,71971,text/html
208,2018-03-26 16:01:07,Descricao xpto,<h1>Testa H1 tag</h1> <p>conteudo</p>,210,juliano,true,71972,text/html
209,2018-03-26 16:01:07,Descricao xpto,<h1>Testa H1 tag</h1> <p>conteudo</p>,211,juliano,true,71973,text/html
210,2018-03-26 16:01:07,Descricao xpto,<h1>Testa H1 tag</h1> <p>conteudo</p>,212,juliano,true,71974,text/html
211,2018-03-26 16:01:07,Descricao xpto,<h1>Testa H1 tag</h1> <p>conteudo</p>,213,juliano,true,71975,text/html
212,2018-03-26 16:01:07,Descricao xpto,<h1>Testa H1 tag</h1> <p>conteudo</p>,214,juliano,true,71992,text/html
213,2018-03-26 16:01:07,Descricao xpto,<h1>Testa H1 tag</h1> <p>conteudo</p>,215,juliano,true,71994,text/html
214,2018-03-26 16:01:07,Descricao xpto,<h1>Testa H1 tag</h1> <p>conteudo</p>,216,juliano,true,71997,text/html
215,2018-03-26 16:01:07,Descricao xpto,<h1>Testa H1 tag</h1> <p>conteudo</p>,217,juliano,true,71999,text/html
216,2018-03-26 16:01:07,Descricao xpto,<h1>Testa H1 tag</h1> <p>conteudo</p>,218,juliano,true,72000,text/html
217,2018-03-26 16:01:07,Descricao xpto,<h1>Testa H1 tag</h1> <p>conteudo</p>,219,juliano,true,72001,text/html
218,2018-03-26 16:01:07,Descricao xpto,<h1>Testa H1 tag</h1> <p>conteudo</p>,220,juliano,true,72002,text/html
219,2018-03-26 16:01:07,Descricao xpto,<h1>Testa H1 tag</h1> <p>conteudo</p>,221,juliano,true,72030,text/html
220,2018-03-26 16:01:07,Descricao xpto,<h1>Testa H1 tag</h1> <p>conteudo</p>,222,juliano,true,72031,text/html
221,2018-03-26 16:01:07,Descricao xpto,<h1>Testa H1 tag</h1> <p>conteudo</p>,223,juliano,true,72033,text/html
222,2018-03-26 16:01:07,Descricao xpto,<h1>Testa H1 tag</h1> <p>conteudo</p>,224,juliano,true,72036,text/html
223,2018-03-26 16:01:07,Descricao xpto,<h1>Testa H1 tag</h1> <p>conteudo</p>,225,juliano,true,72037,text/html
224,2018-03-26 16:01:07,Descricao xpto,<h1>Testa H1 tag</h1> <p>conteudo</p>,226,juliano,true,72043,text/html
225,2018-03-26 16:01:07,Descricao xpto,<h1>Testa H1 tag</h1> <p>conteudo</p>,227,juliano,true,72044,text/html
226,2018-03-26 16:01:07,Descricao xpto,<h1>Testa H1 tag</h1> <p>conteudo</p>,228,juliano,true,72051,text/html
227,2018-03-26 16:01:07,Descricao xpto,<h1>Testa H1 tag</h1> <p>conteudo</p>,229,juliano,true,72054,text/html
228,2018-03-26 16:01:07,Descricao xpto,<h1>Testa H1 tag</h1> <p>conteudo</p>,230,juliano,true,72055,text/html
229,2018-03-26 16:01:07,Descricao xpto,<h1>Testa H1 tag</h1> <p>conteudo</p>,231,juliano,true,72090,text/html
230,2018-03-26 16:01:07,Descricao xpto,<h1>Testa H1 tag</h1> <p>conteudo</p>,232,juliano,true,72091,text/html
231,2018-03-26 16:01:07,Descricao xpto,<h1>Testa H1 tag</h1> <p>conteudo</p>,233,juliano,true,72092,text/html
232,2018-03-26 16:01:07,Descricao xpto,<h1>Testa H1 tag</h1> <p>conteudo</p>,234,juliano,true,72093,text/html
233,2018-03-26 16:01:07,Descricao xpto,<h1>Testa H1 tag</h1> <p>conteudo</p>,235,juliano,true,72094,text/html
234,2018-03-26 16:01:07,Descricao xpto,<h1>Testa H1 tag</h1> <p>conteudo</p>,236,juliano,true,72149,text/html
235,2018-03-26 16:01:07,Descricao xpto,<h1>Testa H1 tag</h1> <p>conteudo</p>,237,juliano,true,72218,text/html
236,2018-03-26 16:01:07,Descricao xpto,<h1>Testa H1 tag</h1> <p>conteudo</p>,238,juliano,true,72239,text/html
237,2018-03-26 16:01:07,Descricao xpto,<h1>Testa H1 tag</h1> <p>conteudo</p>,239,juliano,true,72262,text/html
238,2018-03-26 16:01:07,Descricao xpto,<h1>Testa H1 tag</h1> <p>conteudo</p>,240,juliano,true,72269,text/html
239,2018-03-26 16:01:07,Descricao xpto,<h1>Testa H1 tag</h1> <p>conteudo</p>,241,juliano,true,72271,text/html
240,2018-03-26 16:01:07,Descricao xpto,<h1>Testa H1 tag</h1> <p>conteudo</p>,242,juliano,true,72274,text/html
241,2018-03-26 16:01:07,Descricao xpto,<h1>Testa H1 tag</h1> <p>conteudo</p>,243,juliano,true,72275,text/html
242,2018-03-26 16:01:07,Descricao xpto,<h1>Testa H1 tag</h1> <p>conteudo</p>,244,juliano,true,72277,text/html
243,2018-03-26 16:01:07,Descricao xpto,<h1>Testa H1 tag</h1> <p>conteudo</p>,245,juliano,true,72301,text/html
244,2018-03-26 16:01:07,Descricao xpto,<h1>Testa H1 tag</h1> <p>conteudo</p>,246,juliano,true,72303,text/html
245,2018-03-26 16:01:07,Descricao xpto,<h1>Testa H1 tag</h1> <p>conteudo</p>,247,juliano,true,72306,text/html
246,2018-03-26 16:01:07,Descricao xpto,<h1>Testa H1 tag</h1> <p>conteudo</p>,248,juliano,true,72307,text/html
247,2018-03-26 16:01:07,Descricao xpto,<h1>Testa H1 tag</h1> <p>conteudo</p>,249,juliano,true,72316,text/html
248,2018-03-26 16:01:07,Descricao xpto,<h1>Testa H1 tag</h1> <p>conteudo</p>,250,juliano,true,72320,text/html
249,2018-03-26 16:01:07,Descricao xpto,<h1>Testa H1 tag</h1> <p>conteudo</p>,251,juliano,true,72347,text/html
250,2018-03-26 16:01:07,Descricao xpto,<h1>Testa H1 tag</h1> <p>conteudo</p>,252,juliano,true,72348,text/html
251,2018-03-26 16:01:07,Descricao xpto,<h1>Testa H1 tag</h1> <p>conteudo</p>,253,juliano,true,72394,text/html
252,2018-03-26 16:01:07,Descricao xpto,<h1>Testa H1 tag</h1> <p>conteudo</p>,254,juliano,true,72425,text/html
253,2018-03-26 16:01:07,Descricao xpto,<h1>Testa H1 tag</h1> <p>conteudo</p>,255,juliano,true,72429,text/html
254,2018-03-26 16:01:07,Descricao xpto,<h1>Testa H1 tag</h1> <p>conteudo</p>,256,juliano,true,72447,text/html
255,2018-03-26 16:01:07,Descricao xpto,<h1>Testa H1 tag</h1> <p>conteudo</p>,257,juliano,true,72449,text/html
256,2018-03-26 16:01:07,Descricao xpto,<h1>Testa H1 tag</h1> <p>conteudo</p>,258,juliano,true,72452,text/html
257,2018-03-26 16:01:07,Descricao xpto,<h1>Testa H1 tag</h1> <p>conteudo</p>,259,juliano,true,72453,text/html
258,2018-03-26 16:01:07,Descricao xpto,<h1>Testa H1 tag</h1> <p>conteudo</p>,260,juliano,true,72454,text/html
259,2018-03-26 16:01:07,Descricao xpto,<h1>Testa H1 tag</h1> <p>conteudo</p>,261,juliano,true,72460,text/html
260,2018-03-26 16:01:07,Descricao xpto,<h1>Testa H1 tag</h1> <p>conteudo</p>,262,juliano,true,72462,text/html
261,2018-03-26 16:01:07,Descricao xpto,<h1>Testa H1 tag</h1> <p>conteudo</p>,263,juliano,true,72488,text/html
262,2018-03-26 16:01:07,Descricao xpto,<h1>Testa H1 tag</h1> <p>conteudo</p>,264,juliano,true,72533,text/html
263,2018-03-26 16:01:07,Descricao xpto,<h1>Testa H1 tag</h1> <p>conteudo</p>,265,juliano,true,72668,text/html
264,2018-03-26 16:01:07,Descricao xpto,<h1>Testa H1 tag</h1> <p>conteudo</p>,266,juliano,true,72690,text/html
265,2018-03-26 16:01:07,Descricao xpto,<h1>Testa H1 tag</h1> <p>conteudo</p>,267,juliano,true,72705,text/html
266,2018-03-26 16:01:07,Descricao xpto,<h1>Testa H1 tag</h1> <p>conteudo</p>,268,juliano,true,72732,text/html
267,2018-03-26 16:01:07,Descricao xpto,<h1>Testa H1 tag</h1> <p>conteudo</p>,269,juliano,true,72734,text/html
268,2018-03-26 16:01:07,Descricao xpto,<h1>Testa H1 tag</h1> <p>conteudo</p>,270,juliano,true,72738,text/html
269,2018-03-26 16:01:07,Descricao xpto,<h1>Testa H1 tag</h1> <p>conteudo</p>,271,juliano,true,72742,text/html
270,2018-03-26 16:01:07,Descricao xpto,<h1>Testa H1 tag</h1> <p>conteudo</p>,272,juliano,true,72746,text/html
271,2018-03-26 16:01:07,Descricao xpto,<h1>Testa H1 tag</h1> <p>conteudo</p>,273,juliano,true,72751,text/html
272,2018-03-26 16:01:07,Descricao xpto,<h1>Testa H1 tag</h1> <p>conteudo</p>,274,juliano,true,72763,text/html
273,2018-03-26 16:01:07,Descricao xpto,<h1>Testa H1 tag</h1> <p>conteudo</p>,275,juliano,true,72765,text/html
274,2018-03-26 16:01:07,Descricao xpto,<h1>Testa H1 tag</h1> <p>conteudo</p>,276,juliano,true,72767,text/html
275,2018-03-26 16:01:07,Descricao xpto,<h1>Testa H1 tag</h1> <p>conteudo</p>,277,juliano,true,72795,text/html
276,2018-03-26 16:01:07,Descricao xpto,<h1>Testa H1 tag</h1> <p>conteudo</p>,278,juliano,true,72796,text/html
277,2018-03-26 16:01:07,Descricao xpto,<h1>Testa H1 tag</h1> <p>conteudo</p>,279,juliano,true,72803,text/html
278,2018-03-26 16:01:07,Descricao xpto,<h1>Testa H1 tag</h1> <p>conteudo</p>,280,juliano,true,72858,text/html
279,2018-03-26 16:01:07,Descricao xpto,<h1>Testa H1 tag</h1> <p>conteudo</p>,281,juliano,true,72859,text/html
280,2018-03-26 16:01:07,Descricao xpto,<h1>Testa H1 tag</h1> <p>conteudo</p>,282,juliano,true,72866,text/html
281,2018-03-26 16:01:07,Descricao xpto,<h1>Testa H1 tag</h1> <p>conteudo</p>,283,juliano,true,72891,text/html
282,2018-03-26 16:01:07,Descricao xpto,<h1>Testa H1 tag</h1> <p>conteudo</p>,284,juliano,true,72897,text/html
283,2018-03-26 16:01:07,Descricao xpto,<h1>Testa H1 tag</h1> <p>conteudo</p>,285,juliano,true,72901,text/html
284,2018-03-26 16:01:07,Descricao xpto,<h1>Testa H1 tag</h1> <p>conteudo</p>,286,juliano,true,72916,text/html
285,2018-03-26 16:01:07,Descricao xpto,<h1>Testa H1 tag</h1> <p>conteudo</p>,287,juliano,true,72944,text/html
286,2018-03-26 16:01:07,Descricao xpto,<h1>Testa H1 tag</h1> <p>conteudo</p>,288,juliano,true,73184,text/html
287,2018-03-26 16:01:07,Descricao xpto,<h1>Testa H1 tag</h1> <p>conteudo</p>,289,juliano,true,73185,text/html
288,2018-03-26 16:01:07,Descricao xpto,<h1>Testa H1 tag</h1> <p>conteudo</p>,290,juliano,true,73187,text/html
289,2018-03-26 16:01:07,Descricao xpto,<h1>Testa H1 tag</h1> <p>conteudo</p>,291,juliano,true,73189,text/html
290,2018-03-26 16:01:07,Descricao xpto,<h1>Testa H1 tag</h1> <p>conteudo</p>,292,juliano,true,73190,text/html
291,2018-03-26 16:01:07,Descricao xpto,<h1>Testa H1 tag</h1> <p>conteudo</p>,293,juliano,true,73191,text/html
292,2018-03-26 16:01:07,Descricao xpto,<h1>Testa H1 tag</h1> <p>conteudo</p>,294,juliano,true,73192,text/html
293,2018-03-26 16:01:07,Descricao xpto,<h1>Testa H1 tag</h1> <p>conteudo</p>,295,juliano,true,73194,text/html
294,2018-03-26 16:01:07,Descricao xpto,<h1>Testa H1 tag</h1> <p>conteudo</p>,296,juliano,true,73680,text/html
295,2018-03-26 16:01:07,Descricao xpto,<h1>Testa H1 tag</h1> <p>conteudo</p>,297,juliano,true,73706,text/html
296,2018-03-26 16:01:07,Descricao xpto,<h1>Testa H1 tag</h1> <p>conteudo</p>,298,juliano,true,73713,text/html
297,2018-03-26 16:01:07,Descricao xpto,<h1>Testa H1 tag</h1> <p>conteudo</p>,299,juliano,true,73716,text/html
298,2018-03-26 16:01:07,Descricao xpto,<h1>Testa H1 tag</h1> <p>conteudo</p>,300,juliano,true,73720,text/html
299,2018-03-26 16:01:07,Descricao xpto,<h1>Testa H1 tag</h1> <p>conteudo</p>,301,juliano,true,73725,text/html
300,2018-03-26 16:01:07,Descricao xpto,<h1>Testa H1 tag</h1> <p>conteudo</p>,302,juliano,true,73737,text/html
301,2018-03-26 16:01:07,Descricao xpto,<h1>Testa H1 tag</h1> <p>conteudo</p>,303,juliano,true,73738,text/html
302,2018-03-26 16:01:07,Descricao xpto,<h1>Testa H1 tag</h1> <p>conteudo</p>,304,juliano,true,73739,text/html
303,2018-03-26 16:01:07,Descricao xpto,<h1>Testa H1 tag</h1> <p>conteudo</p>,305,juliano,true,73740,text/html
304,2018-03-26 16:01:07,Descricao xpto,<h1>Testa H1 tag</h1> <p>conteudo</p>,306,juliano,true,73741,text/html
305,2018-03-26 16:01:07,Descricao xpto,<h1>Testa H1 tag</h1> <p>conteudo</p>,307,juliano,true,73744,text/html
306,2018-03-26 16:01:07,Descricao xpto,<h1>Testa H1 tag</h1> <p>conteudo</p>,308,juliano,true,73749,text/html
307,2018-03-26 16:01:07,Descricao xpto,<h1>Testa H1 tag</h1> <p>conteudo</p>,309,juliano,true,73756,text/html
308,2018-03-26 16:01:07,Descricao xpto,<h1>Testa H1 tag</h1> <p>conteudo</p>,310,juliano,true,73757,text/html
309,2018-03-26 16:01:07,Descricao xpto,<h1>Testa H1 tag</h1> <p>conteudo</p>,311,juliano,true,73758,text/html
310,2018-03-26 16:01:07,Descricao xpto,<h1>Testa H1 tag</h1> <p>conteudo</p>,312,juliano,true,73763,text/html
311,2018-03-26 16:01:07,Descricao xpto,<h1>Testa H1 tag</h1> <p>conteudo</p>,313,juliano,true,73767,text/html
312,2018-03-26 16:01:07,Descricao xpto,<h1>Testa H1 tag</h1> <p>conteudo</p>,314,juliano,true,73770,text/html
313,2018-03-26 16:01:07,Descricao xpto,<h1>Testa H1 tag</h1> <p>conteudo</p>,315,juliano,true,73771,text/html
314,2018-03-26 16:01:07,Descricao xpto,<h1>Testa H1 tag</h1> <p>conteudo</p>,316,juliano,true,73772,text/html
315,2018-03-26 16:01:07,Descricao xpto,<h1>Testa H1 tag</h1> <p>conteudo</p>,317,juliano,true,73777,text/html
316,2018-03-26 16:01:07,Descricao xpto,<h1>Testa H1 tag</h1> <p>conteudo</p>,318,juliano,true,73778,text/html
317,2018-03-26 16:01:07,Descricao xpto,<h1>Testa H1 tag</h1> <p>conteudo</p>,319,juliano,true,73782,text/html
318,2018-03-26 16:01:07,Descricao xpto,<h1>Testa H1 tag</h1> <p>conteudo</p>,320,juliano,true,73783,text/html
319,2018-03-26 16:01:07,Descricao xpto,<h1>Testa H1 tag</h1> <p>conteudo</p>,321,juliano,true,73790,text/html
320,2018-03-26 16:01:07,Descricao xpto,<h1>Testa H1 tag</h1> <p>conteudo</p>,322,juliano,true,73791,text/html
321,2018-03-26 16:01:07,Descricao xpto,<h1>Testa H1 tag</h1> <p>conteudo</p>,323,juliano,true,73794,text/html
322,2018-03-26 16:01:07,Descricao xpto,<h1>Testa H1 tag</h1> <p>conteudo</p>,324,juliano,true,73795,text/html
323,2018-03-26 16:01:07,Descricao xpto,<h1>Testa H1 tag</h1> <p>conteudo</p>,325,juliano,true,73797,text/html
324,2018-03-26 16:01:07,Descricao xpto,<h1>Testa H1 tag</h1> <p>conteudo</p>,326,juliano,true,73798,text/html
325,2018-03-26 16:01:07,Descricao xpto,<h1>Testa H1 tag</h1> <p>conteudo</p>,327,juliano,true,73799,text/html
326,2018-03-26 16:01:07,Descricao xpto,<h1>Testa H1 tag</h1> <p>conteudo</p>,328,juliano,true,73801,text/html
327,2018-03-26 16:01:07,Descricao xpto,<h1>Testa H1 tag</h1> <p>conteudo</p>,329,juliano,true,73802,text/html
328,2018-03-26 16:01:07,Descricao xpto,<h1>Testa H1 tag</h1> <p>conteudo</p>,330,juliano,true,73803,text/html
329,2018-03-26 16:01:07,Descricao xpto,<h1>Testa H1 tag</h1> <p>conteudo</p>,331,juliano,true,73804,text/html
330,2018-03-26 16:01:07,Descricao xpto,<h1>Testa H1 tag</h1> <p>conteudo</p>,332,juliano,true,73805,text/html
331,2018-03-26 16:01:07,Descricao xpto,<h1>Testa H1 tag</h1> <p>conteudo</p>,333,juliano,true,73806,text/html
332,2018-03-26 16:01:07,Descricao xpto,<h1>Testa H1 tag</h1> <p>conteudo</p>,334,juliano,true,73807,text/html
333,2018-03-26 16:01:07,Descricao xpto,<h1>Testa H1 tag</h1> <p>conteudo</p>,335,juliano,true,73808,text/html
334,2018-03-26 16:01:07,Descricao xpto,<h1>Testa H1 tag</h1> <p>conteudo</p>,336,juliano,true,73809,text/html
335,2018-03-26 16:01:07,Descricao xpto,<h1>Testa H1 tag</h1> <p>conteudo</p>,337,juliano,true,73810,text/html
336,2018-03-26 16:01:07,Descricao xpto,<h1>Testa H1 tag</h1> <p>conteudo</p>,338,juliano,true,73814,text/html
337,2018-03-26 16:01:07,Descricao xpto,<h1>Testa H1 tag</h1> <p>conteudo</p>,339,juliano,true,73819,text/html
338,2018-03-26 16:01:07,Descricao xpto,<h1>Testa H1 tag</h1> <p>conteudo</p>,340,juliano,true,73822,text/html
339,2018-03-26 16:01:07,Descricao xpto,<h1>Testa H1 tag</h1> <p>conteudo</p>,341,juliano,true,74070,text/html
340,2018-03-26 16:01:07,Descricao xpto,<h1>Testa H1 tag</h1> <p>conteudo</p>,342,juliano,true,74087,text/html
341,2018-03-26 16:01:07,Descricao xpto,<h1>Testa H1 tag</h1> <p>conteudo</p>,343,juliano,true,74093,text/html
342,2018-03-26 16:01:07,Descricao xpto,<h1>Testa H1 tag</h1> <p>conteudo</p>,344,juliano,true,74111,text/html
343,2018-03-26 16:01:07,Descricao xpto,<h1>Testa H1 tag</h1> <p>conteudo</p>,345,juliano,true,74115,text/html
344,2018-03-26 16:01:07,Descricao xpto,<h1>Testa H1 tag</h1> <p>conteudo</p>,346,juliano,true,74176,text/html
345,2018-03-26 16:01:07,Descricao xpto,<h1>Testa H1 tag</h1> <p>conteudo</p>,347,juliano,true,74193,text/html
346,2018-03-26 16:01:07,Descricao xpto,<h1>Testa H1 tag</h1> <p>conteudo</p>,348,juliano,true,74311,text/html
347,2018-03-26 16:01:07,Descricao xpto,<h1>Testa H1 tag</h1> <p>conteudo</p>,349,juliano,true,74317,text/html
348,2018-03-26 16:01:07,Descricao xpto,<h1>Testa H1 tag</h1> <p>conteudo</p>,350,juliano,true,74318,text/html
349,2018-03-26 16:01:07,Descricao xpto,<h1>Testa H1 tag</h1> <p>conteudo</p>,351,juliano,true,74319,text/html
350,2018-03-26 16:01:07,Descricao xpto,<h1>Testa H1 tag</h1> <p>conteudo</p>,352,juliano,true,74320,text/html
351,2018-03-26 16:01:07,Descricao xpto,<h1>Testa H1 tag</h1> <p>conteudo</p>,353,juliano,true,74321,text/html
352,2018-03-26 16:01:07,Descricao xpto,<h1>Testa H1 tag</h1> <p>conteudo</p>,354,juliano,true,74322,text/html
353,2018-03-26 16:01:07,Descricao xpto,<h1>Testa H1 tag</h1> <p>conteudo</p>,355,juliano,true,74393,text/html
354,2018-03-26 16:01:07,Descricao xpto,<h1>Testa H1 tag</h1> <p>conteudo</p>,356,juliano,true,74431,text/html
355,2018-03-26 16:01:07,Descricao xpto,<h1>Testa H1 tag</h1> <p>conteudo</p>,357,juliano,true,74443,text/html
356,2018-03-26 16:01:07,Descricao xpto,<h1>Testa H1 tag</h1> <p>conteudo</p>,358,juliano,true,74455,text/html
357,2018-03-26 16:01:07,Descricao xpto,<h1>Testa H1 tag</h1> <p>conteudo</p>,359,juliano,true,74456,text/html
358,2018-03-26 16:01:07,Descricao xpto,<h1>Testa H1 tag</h1> <p>conteudo</p>,360,juliano,true,74457,text/html
359,2018-03-26 16:01:07,Descricao xpto,<h1>Testa H1 tag</h1> <p>conteudo</p>,361,juliano,true,74523,text/html
360,2018-03-26 16:01:07,Descricao xpto,<h1>Testa H1 tag</h1> <p>conteudo</p>,362,juliano,true,74524,text/html
361,2018-03-26 16:01:07,Descricao xpto,<h1>Testa H1 tag</h1> <p>conteudo</p>,363,juliano,true,74525,text/html
362,2018-03-26 16:01:07,Descricao xpto,<h1>Testa H1 tag</h1> <p>conteudo</p>,364,juliano,true,74526,text/html
363,2018-03-26 16:01:07,Descricao xpto,<h1>Testa H1 tag</h1> <p>conteudo</p>,365,juliano,true,74527,text/html
364,2018-03-26 16:01:07,Descricao xpto,<h1>Testa H1 tag</h1> <p>conteudo</p>,366,juliano,true,74528,text/html
365,2018-03-26 16:01:07,Descricao xpto,<h1>Testa H1 tag</h1> <p>conteudo</p>,367,juliano,true,74529,text/html
366,2018-03-26 16:01:07,Descricao xpto,<h1>Testa H1 tag</h1> <p>conteudo</p>,368,juliano,true,74530,text/html
367,2018-03-26 16:01:07,Descricao xpto,<h1>Testa H1 tag</h1> <p>conteudo</p>,369,juliano,true,74531,text/html
368,2018-03-26 16:01:07,Descricao xpto,<h1>Testa H1 tag</h1> <p>conteudo</p>,370,juliano,true,74532,text/html
369,2018-03-26 16:01:07,Descricao xpto,<h1>Testa H1 tag</h1> <p>conteudo</p>,371,juliano,true,74533,text/html
370,2018-03-26 16:01:07,Descricao xpto,<h1>Testa H1 tag</h1> <p>conteudo</p>,372,juliano,true,74534,text/html
371,2018-03-26 16:01:07,Descricao xpto,<h1>Testa H1 tag</h1> <p>conteudo</p>,373,juliano,true,74535,text/html
372,2018-03-26 16:01:07,Descricao xpto,<h1>Testa H1 tag</h1> <p>conteudo</p>,374,juliano,true,74536,text/html
373,2018-03-26 16:01:07,Descricao xpto,<h1>Testa H1 tag</h1> <p>conteudo</p>,375,juliano,true,74537,text/html
374,2018-03-26 16:01:07,Descricao xpto,<h1>Testa H1 tag</h1> <p>conteudo</p>,376,juliano,true,74538,text/html
375,2018-03-26 16:01:07,Descricao xpto,<h1>Testa H1 tag</h1> <p>conteudo</p>,377,juliano,true,74539,text/html
376,2018-03-26 16:01:07,Descricao xpto,<h1>Testa H1 tag</h1> <p>conteudo</p>,378,juliano,true,74540,text/html
377,2018-03-26 16:01:07,Descricao xpto,<h1>Testa H1 tag</h1> <p>conteudo</p>,379,juliano,true,74541,text/html
378,2018-03-26 16:01:07,Descricao xpto,<h1>Testa H1 tag</h1> <p>conteudo</p>,380,juliano,true,74542,text/html
379,2018-03-26 16:01:07,Descricao xpto,<h1>Testa H1 tag</h1> <p>conteudo</p>,381,juliano,true,74543,text/html
380,2018-03-26 16:01:07,Descricao xpto,<h1>Testa H1 tag</h1> <p>conteudo</p>,382,juliano,true,74544,text/html
381,2018-03-26 16:01:07,Descricao xpto,<h1>Testa H1 tag</h1> <p>conteudo</p>,383,juliano,true,74545,text/html
382,2018-03-26 16:01:07,Descricao xpto,<h1>Testa H1 tag</h1> <p>conteudo</p>,384,juliano,true,74546,text/html
383,2018-03-26 16:01:07,Descricao xpto,<h1>Testa H1 tag</h1> <p>conteudo</p>,385,juliano,true,74547,text/html
384,2018-03-26 16:01:07,Descricao xpto,<h1>Testa H1 tag</h1> <p>conteudo</p>,386,juliano,true,74548,text/html
385,2018-03-26 16:01:07,Descricao xpto,<h1>Testa H1 tag</h1> <p>conteudo</p>,387,juliano,true,74549,text/html
386,2018-03-26 16:01:07,Descricao xpto,<h1>Testa H1 tag</h1> <p>conteudo</p>,388,juliano,true,74550,text/html
387,2018-03-26 16:01:07,Descricao xpto,<h1>Testa H1 tag</h1> <p>conteudo</p>,389,juliano,true,74551,text/html
388,2018-03-26 16:01:07,Descricao xpto,<h1>Testa H1 tag</h1> <p>conteudo</p>,390,juliano,true,74552,text/html
389,2018-03-26 16:01:07,Descricao xpto,<h1>Testa H1 tag</h1> <p>conteudo</p>,391,juliano,true,74553,text/html
390,2018-03-26 16:01:07,Descricao xpto,<h1>Testa H1 tag</h1> <p>conteudo</p>,392,juliano,true,74554,text/html
391,2018-03-26 16:01:07,Descricao xpto,<h1>Testa H1 tag</h1> <p>conteudo</p>,393,juliano,true,74555,text/html
392,2018-03-26 16:01:07,Descricao xpto,<h1>Testa H1 tag</h1> <p>conteudo</p>,394,juliano,true,74556,text/html
393,2018-03-26 16:01:07,Descricao xpto,<h1>Testa H1 tag</h1> <p>conteudo</p>,395,juliano,true,74557,text/html
394,2018-03-26 16:01:07,Descricao xpto,<h1>Testa H1 tag</h1> <p>conteudo</p>,396,juliano,true,74558,text/html
395,2018-03-26 16:01:07,Descricao xpto,<h1>Testa H1 tag</h1> <p>conteudo</p>,397,juliano,true,74559,text/html
396,2018-03-26 16:01:07,Descricao xpto,<h1>Testa H1 tag</h1> <p>conteudo</p>,398,juliano,true,74560,text/html
397,2018-03-26 16:01:07,Descricao xpto,<h1>Testa H1 tag</h1> <p>conteudo</p>,399,juliano,true,74561,text/html
398,2018-03-26 16:01:07,Descricao xpto,<h1>Testa H1 tag</h1> <p>conteudo</p>,400,juliano,true,74562,text/html
399,2018-03-26 16:01:07,Descricao xpto,<h1>Testa H1 tag</h1> <p>conteudo</p>,401,juliano,true,74563,text/html
400,2018-03-26 16:01:07,Descricao xpto,<h1>Testa H1 tag</h1> <p>conteudo</p>,402,juliano,true,74564,text/html
401,2018-03-26 16:01:07,Descricao xpto,<h1>Testa H1 tag</h1> <p>conteudo</p>,403,juliano,true,74565,text/html
402,2018-03-26 16:01:07,Descricao xpto,<h1>Testa H1 tag</h1> <p>conteudo</p>,404,juliano,true,74566,text/html
403,2018-03-26 16:01:07,Descricao xpto,<h1>Testa H1 tag</h1> <p>conteudo</p>,405,juliano,true,74567,text/html
404,2018-03-26 16:01:07,Descricao xpto,<h1>Testa H1 tag</h1> <p>conteudo</p>,406,juliano,true,74573,text/html
405,2018-03-26 16:01:07,Descricao xpto,<h1>Testa H1 tag</h1> <p>conteudo</p>,407,juliano,true,74578,text/html
406,2018-03-26 16:01:07,Descricao xpto,<h1>Testa H1 tag</h1> <p>conteudo</p>,408,juliano,true,74581,text/html
407,2018-03-26 16:01:07,Descricao xpto,<h1>Testa H1 tag</h1> <p>conteudo</p>,409,juliano,true,74591,text/html
408,2018-03-26 16:01:07,Descricao xpto,<h1>Testa H1 tag</h1> <p>conteudo</p>,410,juliano,true,74592,text/html
409,2018-03-26 16:01:07,Descricao xpto,<h1>Testa H1 tag</h1> <p>conteudo</p>,411,juliano,true,74595,text/html
410,2018-03-26 16:01:07,Descricao xpto,<h1>Testa H1 tag</h1> <p>conteudo</p>,412,juliano,true,74596,text/html
411,2018-03-26 16:01:07,Descricao xpto,<h1>Testa H1 tag</h1> <p>conteudo</p>,413,juliano,true,74604,text/html
412,2018-03-26 16:01:07,Descricao xpto,<h1>Testa H1 tag</h1> <p>conteudo</p>,414,juliano,true,74606,text/html
413,2018-03-26 16:01:07,Descricao xpto,<h1>Testa H1 tag</h1> <p>conteudo</p>,415,juliano,true,74607,text/html
414,2018-03-26 16:01:07,Descricao xpto,<h1>Testa H1 tag</h1> <p>conteudo</p>,416,juliano,true,74608,text/html
415,2018-03-26 16:01:07,Descricao xpto,<h1>Testa H1 tag</h1> <p>conteudo</p>,417,juliano,true,74609,text/html
416,2018-03-26 16:01:07,Descricao xpto,<h1>Testa H1 tag</h1> <p>conteudo</p>,418,juliano,true,74612,text/html
417,2018-03-26 16:01:07,Descricao xpto,<h1>Testa H1 tag</h1> <p>conteudo</p>,419,juliano,true,74613,text/html
418,2018-03-26 16:01:07,Descricao xpto,<h1>Testa H1 tag</h1> <p>conteudo</p>,420,juliano,true,74614,text/html
419,2018-03-26 16:01:07,Descricao xpto,<h1>Testa H1 tag</h1> <p>conteudo</p>,421,juliano,true,74616,text/html
420,2018-03-26 16:01:07,Descricao xpto,<h1>Testa H1 tag</h1> <p>conteudo</p>,422,juliano,true,74617,text/html
421,2018-03-26 16:01:07,Descricao xpto,<h1>Testa H1 tag</h1> <p>conteudo</p>,423,juliano,true,74618,text/html
422,2018-03-26 16:01:07,Descricao xpto,<h1>Testa H1 tag</h1> <p>conteudo</p>,424,juliano,true,74619,text/html
423,2018-03-26 16:01:07,Descricao xpto,<h1>Testa H1 tag</h1> <p>conteudo</p>,425,juliano,true,74620,text/html
424,2018-03-26 16:01:07,Descricao xpto,<h1>Testa H1 tag</h1> <p>conteudo</p>,426,juliano,true,74622,text/html
425,2018-03-26 16:01:07,Descricao xpto,<h1>Testa H1 tag</h1> <p>conteudo</p>,427,juliano,true,74623,text/html
426,2018-03-26 16:01:07,Descricao xpto,<h1>Testa H1 tag</h1> <p>conteudo</p>,428,juliano,true,74628,text/html
427,2018-03-26 16:01:07,Descricao xpto,<h1>Testa H1 tag</h1> <p>conteudo</p>,429,juliano,true,74629,text/html
428,2018-03-26 16:01:07,Descricao xpto,<h1>Testa H1 tag</h1> <p>conteudo</p>,430,juliano,true,74631,text/html
429,2018-03-26 16:01:07,Descricao xpto,<h1>Testa H1 tag</h1> <p>conteudo</p>,431,juliano,true,74632,text/html
430,2018-03-26 16:01:07,Descricao xpto,<h1>Testa H1 tag</h1> <p>conteudo</p>,432,juliano,true,74635,text/html
431,2018-03-26 16:01:07,Descricao xpto,<h1>Testa H1 tag</h1> <p>conteudo</p>,433,juliano,true,74638,text/html
432,2018-03-26 16:01:07,Descricao xpto,<h1>Testa H1 tag</h1> <p>conteudo</p>,434,juliano,true,74639,text/html
433,2018-03-26 16:01:07,Descricao xpto,<h1>Testa H1 tag</h1> <p>conteudo</p>,435,juliano,true,74641,text/html
434,2018-03-26 16:01:07,Descricao xpto,<h1>Testa H1 tag</h1> <p>conteudo</p>,436,juliano,true,74659,text/html
435,2018-03-26 16:01:07,Descricao xpto,<h1>Testa H1 tag</h1> <p>conteudo</p>,437,juliano,true,74768,text/html
436,2018-03-26 16:01:07,Descricao xpto,<h1>Testa H1 tag</h1> <p>conteudo</p>,438,juliano,true,74773,text/html
437,2018-03-26 16:01:07,Descricao xpto,<h1>Testa H1 tag</h1> <p>conteudo</p>,439,juliano,true,74774,text/html
438,2018-03-26 16:01:07,Descricao xpto,<h1>Testa H1 tag</h1> <p>conteudo</p>,440,juliano,true,74776,text/html
439,2018-03-26 16:01:07,Descricao xpto,<h1>Testa H1 tag</h1> <p>conteudo</p>,441,juliano,true,74780,text/html
440,2018-03-26 16:01:07,Descricao xpto,<h1>Testa H1 tag</h1> <p>conteudo</p>,442,juliano,true,74784,text/html
441,2018-03-26 16:01:07,Descricao xpto,<h1>Testa H1 tag</h1> <p>conteudo</p>,443,juliano,true,74788,text/html
442,2018-03-26 16:01:07,Descricao xpto,<h1>Testa H1 tag</h1> <p>conteudo</p>,444,juliano,true,74789,text/html
443,2018-03-26 16:01:07,Descricao xpto,<h1>Testa H1 tag</h1> <p>conteudo</p>,445,juliano,true,74793,text/html
444,2018-03-26 16:01:07,Descricao xpto,<h1>Testa H1 tag</h1> <p>conteudo</p>,446,juliano,true,74794,text/html
445,2018-03-26 16:01:07,Descricao xpto,<h1>Testa H1 tag</h1> <p>conteudo</p>,447,juliano,true,74849,text/html
446,2018-03-26 16:01:07,Descricao xpto,<h1>Testa H1 tag</h1> <p>conteudo</p>,448,juliano,true,74854,text/html
447,2018-03-26 16:01:07,Descricao xpto,<h1>Testa H1 tag</h1> <p>conteudo</p>,449,juliano,true,74859,text/html
448,2018-03-26 16:01:07,Descricao xpto,<h1>Testa H1 tag</h1> <p>conteudo</p>,450,juliano,true,74875,text/html
449,2018-03-26 16:01:07,Descricao xpto,<h1>Testa H1 tag</h1> <p>conteudo</p>,451,juliano,true,74876,text/html
450,2018-03-26 16:01:07,Descricao xpto,<h1>Testa H1 tag</h1> <p>conteudo</p>,452,juliano,true,74889,text/html
451,2018-03-26 16:01:07,Descricao xpto,<h1>Testa H1 tag</h1> <p>conteudo</p>,453,juliano,true,74892,text/html
452,2018-03-26 16:01:07,Descricao xpto,<h1>Testa H1 tag</h1> <p>conteudo</p>,454,juliano,true,74930,text/html
453,2018-03-26 16:01:07,Descricao xpto,<h1>Testa H1 tag</h1> <p>conteudo</p>,455,juliano,true,75080,text/html
454,2018-03-26 16:01:07,Descricao xpto,<h1>Testa H1 tag</h1> <p>conteudo</p>,456,juliano,true,75081,text/html
455,2018-03-26 16:01:07,Descricao xpto,<h1>Testa H1 tag</h1> <p>conteudo</p>,457,juliano,true,75086,text/html
456,2018-03-26 16:01:07,Descricao xpto,<h1>Testa H1 tag</h1> <p>conteudo</p>,458,juliano,true,75096,text/html
457,2018-03-26 16:01:07,Descricao xpto,<h1>Testa H1 tag</h1> <p>conteudo</p>,459,juliano,true,75100,text/html
458,2018-03-26 16:01:07,Descricao xpto,<h1>Testa H1 tag</h1> <p>conteudo</p>,460,juliano,true,75104,text/html
459,2018-03-26 16:01:07,Descricao xpto,<h1>Testa H1 tag</h1> <p>conteudo</p>,461,juliano,true,75290,text/html
460,2018-03-26 16:01:07,Descricao xpto,<h1>Testa H1 tag</h1> <p>conteudo</p>,462,juliano,true,75291,text/html
461,2018-03-26 16:01:07,Descricao xpto,<h1>Testa H1 tag</h1> <p>conteudo</p>,463,juliano,true,75307,text/html
462,2018-03-26 16:01:07,Descricao xpto,<h1>Testa H1 tag</h1> <p>conteudo</p>,464,juliano,true,75308,text/html
463,2018-03-26 16:01:07,Descricao xpto,<h1>Testa H1 tag</h1> <p>conteudo</p>,465,juliano,true,75309,text/html
464,2018-03-26 16:01:07,Descricao xpto,<h1>Testa H1 tag</h1> <p>conteudo</p>,466,juliano,true,75312,text/html
465,2018-03-26 16:01:07,Descricao xpto,<h1>Testa H1 tag</h1> <p>conteudo</p>,467,juliano,true,75315,text/html
466,2018-03-26 16:01:07,Descricao xpto,<h1>Testa H1 tag</h1> <p>conteudo</p>,468,juliano,true,75322,text/html
467,2018-03-26 16:01:07,Descricao xpto,<h1>Testa H1 tag</h1> <p>conteudo</p>,469,juliano,true,75324,text/html
468,2018-03-26 16:01:07,Descricao xpto,<h1>Testa H1 tag</h1> <p>conteudo</p>,470,juliano,true,75332,text/html
469,2018-03-26 16:01:07,Descricao xpto,<h1>Testa H1 tag</h1> <p>conteudo</p>,471,juliano,true,75333,text/html
470,2018-03-26 16:01:07,Descricao xpto,<h1>Testa H1 tag</h1> <p>conteudo</p>,472,juliano,true,75334,text/html
471,2018-03-26 16:01:07,Descricao xpto,<h1>Testa H1 tag</h1> <p>conteudo</p>,473,juliano,true,75335,text/html
472,2018-03-26 16:01:07,Descricao xpto,<h1>Testa H1 tag</h1> <p>conteudo</p>,474,juliano,true,75336,text/html
473,2018-03-26 16:01:07,Descricao xpto,<h1>Testa H1 tag</h1> <p>conteudo</p>,475,juliano,true,75362,text/html
474,2018-03-26 16:01:07,Descricao xpto,<h1>Testa H1 tag</h1> <p>conteudo</p>,476,juliano,true,75376,text/html
475,2018-03-26 16:01:07,Descricao xpto,<h1>Testa H1 tag</h1> <p>conteudo</p>,477,juliano,true,75378,text/html
476,2018-03-26 16:01:07,Descricao xpto,<h1>Testa H1 tag</h1> <p>conteudo</p>,478,juliano,true,75385,text/html
477,2018-03-26 16:01:07,Descricao xpto,<h1>Testa H1 tag</h1> <p>conteudo</p>,479,juliano,true,75401,text/html
478,2018-03-26 16:01:07,Descricao xpto,<h1>Testa H1 tag</h1> <p>conteudo</p>,480,juliano,true,75551,text/html
479,2018-03-26 16:01:07,Descricao xpto,<h1>Testa H1 tag</h1> <p>conteudo</p>,481,juliano,true,75552,text/html
480,2018-03-26 16:01:07,Descricao xpto,<h1>Testa H1 tag</h1> <p>conteudo</p>,482,juliano,true,75568,text/html
481,2018-03-26 16:01:07,Descricao xpto,<h1>Testa H1 tag</h1> <p>conteudo</p>,483,juliano,true,75569,text/html
482,2018-03-26 16:01:07,Descricao xpto,<h1>Testa H1 tag</h1> <p>conteudo</p>,484,juliano,true,75570,text/html
483,2018-03-26 16:01:07,Descricao xpto,<h1>Testa H1 tag</h1> <p>conteudo</p>,485,juliano,true,75571,text/html
484,2018-03-26 16:01:07,Descricao xpto,<h1>Testa H1 tag</h1> <p>conteudo</p>,486,juliano,true,75572,text/html
485,2018-03-26 16:01:07,Descricao xpto,<h1>Testa H1 tag</h1> <p>conteudo</p>,487,juliano,true,75579,text/html
486,2018-03-26 16:01:07,Descricao xpto,<h1>Testa H1 tag</h1> <p>conteudo</p>,488,juliano,true,75604,text/html
487,2018-03-26 16:01:07,Descricao xpto,<h1>Testa H1 tag</h1> <p>conteudo</p>,489,juliano,true,75634,text/html
488,2018-03-26 16:01:07,Descricao xpto,<h1>Testa H1 tag</h1> <p>conteudo</p>,490,juliano,true,75643,text/html
489,2018-03-26 16:01:07,Descricao xpto,<h1>Testa H1 tag</h1> <p>conteudo</p>,491,juliano,true,75668,text/html
490,2018-03-26 16:01:07,Descricao xpto,<h1>Testa H1 tag</h1> <p>conteudo</p>,492,juliano,true,75674,text/html
491,2018-03-26 16:01:07,Descricao xpto,<h1>Testa H1 tag</h1> <p>conteudo</p>,493,juliano,true,75675,text/html
492,2018-03-26 16:01:07,Descricao xpto,<h1>Testa H1 tag</h1> <p>conteudo</p>,494,juliano,true,75678,text/html
493,2018-03-26 16:01:07,Descricao xpto,<h1>Testa H1 tag</h1> <p>conteudo</p>,495,juliano,true,75690,text/html
494,2018-03-26 16:01:07,Descricao xpto,<h1>Testa H1 tag</h1> <p>conteudo</p>,496,juliano,true,75808,text/html
495,2018-03-26 16:01:07,Descricao xpto,<h1>Testa H1 tag</h1> <p>conteudo</p>,497,juliano,true,76075,text/html
496,2018-03-26 16:01:07,Descricao xpto,<h1>Testa H1 tag</h1> <p>conteudo</p>,498,juliano,true,76200,text/html
497,2018-03-26 16:01:07,Descricao xpto,<h1>Testa H1 tag</h1> <p>conteudo</p>,499,juliano,true,76219,text/html
498,2018-03-26 16:01:07,Descricao xpto,<h1>Testa H1 tag</h1> <p>conteudo</p>,500,juliano,true,76264,text/html
499,2018-03-26 16:01:07,Descricao xpto,<h1>Testa H1 tag</h1> <p>conteudo</p>,501,juliano,true,76284,text/html
500,2018-03-26 16:01:07,Descricao xpto,<h1>Testa H1 tag</h1> <p>conteudo</p>,502,juliano,true,76465,text/html
501,2018-03-26 16:01:07,Descricao xpto,<h1>Testa H1 tag</h1> <p>conteudo</p>,503,juliano,true,76547,text/html
502,2018-03-26 16:01:07,Descricao xpto,<h1>Testa H1 tag</h1> <p>conteudo</p>,504,juliano,true,76691,text/html
503,2018-03-26 16:01:07,Descricao xpto,<h1>Testa H1 tag</h1> <p>conteudo</p>,505,juliano,true,76702,text/html
504,2018-03-26 16:01:07,Descricao xpto,<h1>Testa H1 tag</h1> <p>conteudo</p>,506,juliano,true,76746,text/html
505,2018-03-26 16:01:07,Descricao xpto,<h1>Testa H1 tag</h1> <p>conteudo</p>,507,juliano,true,76788,text/html
506,2018-03-26 16:01:07,Descricao xpto,<h1>Testa H1 tag</h1> <p>conteudo</p>,508,juliano,true,76790,text/html
507,2018-03-26 16:01:07,Descricao xpto,<h1>Testa H1 tag</h1> <p>conteudo</p>,509,juliano,true,76955,text/html
508,2018-03-26 16:01:07,Descricao xpto,<h1>Testa H1 tag</h1> <p>conteudo</p>,510,juliano,true,77126,text/html
509,2018-03-26 16:01:07,Descricao xpto,<h1>Testa H1 tag</h1> <p>conteudo</p>,511,juliano,true,77203,text/html
510,2018-03-26 16:01:07,Descricao xpto,<h1>Testa H1 tag</h1> <p>conteudo</p>,512,juliano,true,77298,text/html
511,2018-03-26 16:01:07,Descricao xpto,<h1>Testa H1 tag</h1> <p>conteudo</p>,513,juliano,true,77307,text/html
512,2018-03-26 16:01:07,Descricao xpto,<h1>Testa H1 tag</h1> <p>conteudo</p>,514,juliano,true,77321,text/html
513,2018-03-26 16:01:07,Descricao xpto,<h1>Testa H1 tag</h1> <p>conteudo</p>,515,juliano,true,77370,text/html
514,2018-03-26 16:01:07,Descricao xpto,<h1>Testa H1 tag</h1> <p>conteudo</p>,516,juliano,true,77373,text/html
515,2018-03-26 16:01:07,Descricao xpto,<h1>Testa H1 tag</h1> <p>conteudo</p>,517,juliano,true,77376,text/html
516,2018-03-26 16:01:07,Descricao xpto,<h1>Testa H1 tag</h1> <p>conteudo</p>,518,juliano,true,77413,text/html
517,2018-03-26 16:01:07,Descricao xpto,<h1>Testa H1 tag</h1> <p>conteudo</p>,519,juliano,true,77417,text/html
518,2018-03-26 16:01:07,Descricao xpto,<h1>Testa H1 tag</h1> <p>conteudo</p>,520,juliano,true,77421,text/html
